"What kind of pet is this (Dog, Cat, Bird, Other)","Pet's Full Name (you don't have to include your last name. Think ""Winston Churchill"" and not ""Winston Churchill MYLASTNAME"")","Pet's everyday name (e.g. ""Church"")",Pet's age,Pet's breed (if applicable)
Dog,Widget,Widget,5,Mini dachshund
Dog,Stella Bo Bella,Stella,6.5,Mongrel
Cat,Meryl Streep,Merrill,8,Unknown
Dog,Tilly,Tills,13,Chocolate Labrador
Cat,Pumpkin,Pumpkin,12,Unknown
Dog,Peter Peter Pumpkin Eater,Petey,5,Pit bull
Cat,Jacques,Jacques,12,Unknown
Dog,Remy,Rem,1,Unknown
Dog,Oreo,Oreo,7,Some kind of mix
Dog,Ljus  (Swedish word for light),Ljus,0.2684934,Golden Retriever
Dog,Bambi,Bambs,3,Unknown
Cat,Marie Curie,Marie,3,Unknown
Cat,Clarence,Clarence,12,Russian Blue
Dog,Layla ‚ÄòThe Tank‚Äô,Layla,3,Pit bull
Cat,Amber,Ambs,10,Tortoise shell
Dog,Benny and the Jets,Ben,1,Mastiff/Great Dane
Dog,Milo,Milo,7,Bichon Frise
Dog,Mocha,Mocha,3,Pitbull/Terrier mix
Dog,Shadow,Shadow,15.5,Golden Retriever
Cat,Little Bit,Skittles,10,Tabby
Dog,Luna,Luna,1,Great Pyrenees
Cat,Garrison,Garrison,9,Russian Blue
Dog,Cody,"Baby, Pookie",13,Black lab/cocker spaniel mix
Hamster,Hammy,Ham,1,Russian Dwarf
Cat,Zoey,Zoey,13,Cat
Dog,Oatmeal,Oatmeal,0.5833338,Golden Retriever
Dog,Ginger,Nugget,10,Chihuahua
Cat,Lucy,Lucy,4,Russian Blue
Dog,Starbuck Louise,Starbuck,4,Goldendoodle
Dog,Mocha Antoinette,Mocha,7,Mongrel
Dog,Oscar,Oscar,10,Shepherd retriever mix
Cat,Serena,Mouse Pie,17,Domestic Longhair
Cat,Maxine Waters,Maxine,4,Unknown
Dog,Magnolia Mae,Noli,2.5,Great Pyrenees/Lab
Dog,George Cooper,Georgie,2,Golden Retriever
Dog,Cayenne,Cayenne,8,German Shepherd
Cat,Pip,Pip,11,Tuxedo cat
Dog,Olive Oil,Olive,2,Australian Shepherd
Rabbit,Iggy and Ziggy,Igs and Zigs,3,Lop and angora
Dog,Brook,Brookie,7,Golden Retriever
Dog,Sparkie,"Spark, Sparkie, sparkle",4,Mongrel
Dog,Max,Maxie,16,carin terrier/ kerry blue terrier/ keeshond
Dog,Howard,Howie,10,American Staffordshire Terrier mix
Cat,Samantha Bee,Sam,3,Tuxedo cat
Dog,Ella Fitzgerald,Ella,12,Heinz 57
Cat,Chanel,Teeny,6.5,Unknown
Other,Commander Ambrose,The Commander,0.833334,Betta fish
Dog,Josephine Bakes,Josie,5,Pit bull/lab mix
Dog,Lennie,Lennie,2,Treeing Tennessee Brindle
Cat,Obsidian Jazz Paws,OJP,1,Feral
Cat,Scotty,Scotty,8,Domestic shorthair
Cat,Macallan,Mac,8,Unknown
Dog,Cody James,Buddy,1.5,Golden Retriever
Dog,Jake,Jake,2,Golden Retriever/Husky/Shepherd/Jack Russell
Cat,Katie,Boo,9,Tuxedo moggy
Server,damn,it,2,Skylake
Dog,Gail,Gail,3,Treeing Tennessee Brindle
Other,Bella,Bella,2,Russian Dwarf
Cat,June Bug,June Bug,5,Unknown
Dog,Lucky,"Luck, Luckboy, Luck duck",3,"Jack a bee (half jack russell, half beagle)"
Dog,Darcy,Darcy,3,Working cocker spaniel
Cat,Neko,"Neko, Cat, Kitten",6,Domestic shorthair
Cat,Maisie,Maisy,7,Unknown
Dog,Luke Anakin,Luke,9,Golden Retriever
Dog,Sadie,Sadie Pot Pie,10,Mongrel
Dog,Hazel Nut,Hazel,3,Australian Shepherd
Cat,Mongoose,Goosey,1.9166682000000002,Unknown
Cat,Flerf,Bab,16,Tortie
Dog,Bourbon,Bourbon,3,Mongrel
Dog,Riley,Smiley Riley,13,Golden Retriever
Cat,Murphy,Murph,13,Domestic shorthair
Dog,Mr. Nubs,Mr. Nubs,16,Corgi
Cat,Mackerel,Mack,1.9166682000000002,Unknown
Cat,Regis,"Regis (or ""little asshole"")",0.416667,Unknown
Cat,Laetynne Marah,Lae lae,7,Siamese
Cat,Callie,Callie,15,Domestic shorthair
Dog,Bentley,Bentley boy,3,Australian labradoodle
Cat,Crumb Bun,Bobo,9,Tuxedo garbage cat
Dog,Fenway,Fenway,6,Boston terrier
Dog,Benelli,Name,3,Black Lab
Turtle,Lenny,Lenny,12,Unknown
Dog,Washington the Destroyer,Wash,6.5,Chocolate lab
Cat,Otto,Otto,16,Unknown
Dog,Philomenos,"Philo, Phil, phi phi",9,Portuguese Water Dog
Dog,Stampy Wiggles,Stampy,10,Goldendoodle
Dog,Jasmine,Jaz,5,Golden Retriever
Dog,Emma,Puppy,1,Chocolate lab
Dog,Winston,Wintin,4,Wire-haired mutt
Dog,Torchenay Be Cool,Max,13,Beagle
Cat,Petunia Marie,Tooney,7,Domestic shorthair
Dog,Brutus,Brutus,7,Yellow Labrador Retriever
Cat,Louis,LouLou,4.5,Black cat
Cat,Lilah May,Lilah,12,Domestic shorthair
Dog,Lucu,Puppy,7,Black lab/ blue heeler
Dog,Mosephine,Mo,1,Standard Poodle
Dog,Abegeweit,Abi (Abby),16,Fox terrier mix
Dog,Kramer,Kray Kray,12,Golden Retriever
Bird,Coco Moe,Coco,15,Cockatiel
Cat,Apollo,Beeper,1,Unknown
Dog,Rusty,Wusty,5,Golden Lab
Dog,Demi,"Dems, demi dog, the queen",6,Mongrel
Dog,Alfredog,Alfie,11,Mongrel
Rabbit,Professor Nibblesworth Bunnypants,Nibbles,6,Netherland Dwarf
Dog,Shorty Do-Op,Shorty,15,Mongrel
Dog,Penny,Penny,3,Australian Shepherd
Dog,Tuxedo,Tux,1.5000012,Schnauzer
Dog,Sally,Sally,7,Golden Retriever
Dog,Lola,Lola,6,Mongrel
Cat,Noodle,Noodle,4,Domestic medium hair
Dog,Gustav,Goober,10,German Shepherd mix
Hamster,Charlie,Charlie,1.5,Syrian
Dog,Poppy Sue Galushka Clementine,Poppy,4,Treeing Walker Coonhound
Dog,Duke,Duke,3,Australian Shepherd
Dog,Millie,Mills,7,Jack Russell Terrier
Dog,Sir Winston of Weston,"Winston , Winnie",10,Golden Retriever
Cat,Bucky,Bucks,2,Norwegian Forest cat
Dog,Angus OgDog Dogga McDuff,Angus,13,West Highland White Terrier
Cat,Spot,Spotty Bear,4,Domestic shorthair
Cat,Cookie,Cooks,2,Ragdoll
Dog,Lady,Doofus,6,Chocolate lab mix
Dog,Maggie Peaches,Maggie,13,Bichon Poodle
Cat,Amelia,Amelita,2,Unknown
Dog,Camembert,Cami,5,Bernese Mountain Dog
Dog,Shadow,Shadow,3,Saluki
Dog,Archer,archer,3,Golden Retriever
Dog,Robbie,robz,1.5,Whippet
Cat,Noah,Noah,2,Unknown
Other,Penny,Pen,4,Unknown
Cat,Lovey Cat,Lovey,18,Unknown
Dog,Roxy,Roxy,8,Pit bull
Dog,Ashton Sebastian,Ash,9,Pit bull mix
Dog,Maximum,Max,10,Puggle
Dog,Rosalind Pearl,Rosie,5,Border collie mix
Rabbit,Lena,Lena,8,Mini lop
Hamster,Beauxbaton,Beau,2.5,Winter white
Dog,Chyna,Chyna,16,Little terrier poodle mix
Dog,Sadie,Sadie,4,Cockapoo
Dog,Flynn,Flynn,0.9166674,Corgi
Cat,Felicity Louise,Flick,4,Domestic shorthair
Fish,James Pond,James,5,Goldfish
Cat,Mars,Mars,8,Domestic shorthair
Dog,Loki,Loki,3,Unknown
Cat,Millie,Mill,13,Domestic shorthair
Dog,Trixie,Trix,3,"Toy Fox Terrier / Yorkie (""Torkie"")"
Dog,Birdy,Birdy,4,Pomeranian mix
Cat,Charlotte Wallace,Chuck,8,Cat
Cat,Thumper Dumper Bumble Butt,Thumper,16,Domestic shorthair
Dog,Vince,Vincie,11,Yellow lab
Dog,Cobert,Cob,2,Dalmatian
Fish,Little Prince,LP,2,Fish
Dog,Jack Daniel,Jackie,3,Chocolate lab
Dog,Crinkle,Crinkle,7,Mongrel
Dog,Maisy Lynn Marie,Mimsy,6,beagle mix
Dog,Beemer,Beemo,7,Aussie doodle
Guinea pig,Rosencrantz WGP,Rosie,3,Unknown
Cat,Michelin,Michelin,14,"Cat, he's a cat, we found him on my dad's tire... I think you can guess what brand tires my dad had"
Dog,Mac,Mac,5,Boxer/mastiff mix
Dog,Maximillion Taxi,Max,9,Labrador mix
Dog,Krypto,Dinky,6,Golden Retriever
Cat,Piper,Pippin,5,Cat
Dog,Bo Jangles,Bo,0.833334,Husky/Boxer
Cat,Slinkey,Slonk,5,Unknown
Dog,Brixton,Brixie,1,Golden Retriever
Dog,Jasper,Jasper,10,Miniature labradoodle
Cat,Tabitha,Tabber,8,Unknown
Dog,Shadow Montgomery,Lovebug,2,Golden Retriever
Fish,Vitale Male the hot tamale who has a cooking show with Mario Batale,Vitale,1,Betta fish
Cat,Ramona,Meemo,4,Unknown
Dog,Scout,Scout,14,Beagle
Cat,Cocoa,"Cokes, Nuts, Cocoa",12,Tuxedo shorthair
Cat,Napoleon,Deviled egg,2,Unknown
Dog,Libby,Libby,12,Golden Retriever
Dog,Jasper Tucker Oaf,Jasper,11,Black Lab
Cat,Clarissa Fluffnugget,Clary,2,Domestic Longhair
Dog,Tazmanian Devik,Taz,9,Mongrel
Dog,Iggy Pup,Iggy,0.3333336,Miniature double doodle
Dog,Lilly,Lilly,12,Labrador Retriever
Dog,Furrdinand,Furrdie,10,Pomeranian
Dog,Monster Mayhem,Doodle,8,Dachshund
Dog,Watson,Watson,6,Labrador Retriever
Dog,Shine,Shine,12,Hound mix
Dog,Freeney Schnurpel,Freenster,13,Shih Tzu
Dog,Bella Jean,Bella,No longer with us :(,Chihuahua/yorkie mix
Dog,Ratchet,Ratchie,5,Pug/Dachshund
Dog,Clifford,Clifford,4,Clumber spaniel
Dog,Goose,Gooby,1,Rat Terrier Mix
Cat,Cricket,"Crickby, Cringus, Don Crickles, etc.",8,Domestic Longhair
Dog,Magnus,Munchkin,7,Cairn Terrier
Cat,Baby Kitty,Baby Kitty,7,Kitty cat
Dog,Shiloh‚Äôs Dixie Skye,Dixie,8,Mini schnauzer
Dog,Bootsie,BootsToots,17,Terrier mix
Cat,Bowie,Kitty boy,0.6666672,Tuxedo cat
Dog,Mindy,Mindy,10,Black Lab
Dog,Spock,Spock,7,Mongrel
Dog,Merlin,Mer-dog,12,Chesapeake bay retriever
Dog,Sylvia Plath,Sylvia,3,German Shorthaired Pointer
Dog,Smokey Neyland,Smo,9,Schnoodle
Dog,Rufus Tee Hilderbrec,Rufus,11,Shih Tzu
Dog,Bailey,B or B-Dog,7,Border Collie
Dog,Sebastian,Bash,0.3333336,Maltipoo
Cat,Mika Joe,Mika,9,Siamese
Dog,Tess,Tess,13,Border collie cross
Dog,Zorro,Z,8,Long-haired Chihuahua
Dog,Deacon,Deac,11,Chesapeake bay retriever
Cat,Sir charles chickenhock chaplin the teleporting dot,Charlie,11,Unknown
Cat,Ally,Al,4,Cat
Rabbit,Gandalf,Gandalf,10,Lionhead
Cat,Lucas Adam Wilkins,Luke,10,Tabby
Dog,Robert Ferguson Mooney,Bobby,6,Golden Retriever
Dog,James buchanan barnes,Bucky,2,Unknown
Dog,Buddy Boy,Buddy,16,Cocker Spaniel
Cat,Cleo,Dump,2,Cat
Dog,Belle Watling,Belle,2,Maltese
Dog,Magladon wagladon,Maggie,1,Old English sheepdog
Dog,Bella,Bella,14,Unknown
Horse,Half pint,Half pint,6,Unknown
Cat,Leah Suji Wilkins,The Squeak aka Squeakerfish,10,Tabby
Dog,Sophie,Sophie,11,Golden Retriever
Cat,Mitsy,Mitsy,4,Unknown
Dog,Stewart Little,Stewie,16,Pomeranian
Dog,Sadie,Sadie,0.9166674,Golden Retriever
Dog,Ashley Wilkes,Ash,11,YorkiePoo
Cow,Daisy the cow,Daisy,3,Unknown
Dog,Oliver Jospeh Andrew,Oliver,12,Golden retriever mix
Dog,Rhett,Rhetters,12,English Springer Spaniel
Cat,Emma May Wilkins,Emma,4,Tortie
Cat,Hashtag Anamara Mainecoon,Hashtag,6,Maine Coon
Fish,Caroline Gravel,Gravel,2,Betta fish
Dog,Lily,Lil,5,Golden Retriever
Cat,Arthur Fonzarelli,Fonzie,12,Part Maine coon
Cat,Vriska Serket,Vriska,8,Domestic shorthair
Cat,Fabio,Fabio,3,Unknown
Dog,Cookie,CookieMonster,8,Shih Tzu
Dog,Brutus,Brutus,10,Great white pyrenees/yellow lab
Dog,Ralph,Ralph,0.3333336,Golden Retriever
Dog,Kurt,Kurtis,2,Black mouth cur
Dog,Lyra Cristina,Lyra,0.7500006,Mongrel
Dog,Bailey bear,Bay girl,6,Lab and German shepherd mix
Dog,Brooklyn,Brooklyn,2,Beagle
Cat,Isabelle,Izzy,11,Tortoise shell
Dog,Champion Craig,Champ,14,beagle mix
Cat,Kelly,Kelly,13,Unknown
Dog,Lennox,Lenny,4,Shih Tzu
Dog,Sullivan Otis,Sulley,10,Catahoula Leopard
Cat,oreo vanilla cookie,nene,11,Unknown
Cat,Chessie,Chess,12,Siamese
Dog,Hank,Hanky panky,1,Black mouth cur
Dog,Allie Nichols,Allie,5,Mongrel
Dog,Lila,Lila,5,Newfoundland
Cat,Bubbles,Bubs,11,Chartreux
Dog,Liberty Louise,Libby,9,English Springer Spaniel
Cat,Sushi Charrito,Sush,2,Tuxedo cat
Cat,Mouse,MousePotato,3,Unknown
Cat,Kate,Katie,19,Tortoise shell
Dog,Jimmy,JimmyJamSunshineMan,5,Shih Tzu
Dog,Rocky,Rocko,9,Rottweiler
Dog,Sheldon Michael,Shel,7,Westin/min pin
Dog,Jackson,Pupper,3,Australian blue cattle dog
Cat,Midnight,Keek,19,American shorthair
Dog,Maxwell Amos,Max,10,Catahoula Leopard
Cat,angelina,whitey,5,Unknown
Dog,Margaret Lewis,Maggie,11,Mongrel
Dog,Ginger,Geeper Creeper,10,Golden retriever mix
Virus,Johannes venereal Versmear,Venny,0.0383562,Unknown
Dog,Gator,Tate,8,Rottweiler/Irish setter
Dog,Badger,Badger,12,Dachshund
Dog,Beauregard,Beau,22,Golden Retriever
Dog,Buffy,Buffy and/or Buffalo,8,Beagle/Jack Russel
Dog,duque,duque,1,Mongrel
Dog,Mika,Mika,5,Husky
Dog,Scarlett,Little Girl,8,Border Collie
Dog,Macy,Macy,11,Golden retriever mix
Dog,Gromit Walker,Gromit,8,Golden Retriever
Cat,Ms. Kitty,Ms. Kitty,16,Unknown
Dog,Gracie Lou Freebush,Gracy,9,Black Lab/Angel
Dog,River,River,0.2684934,Husky
Ferret,Leo,LeHOE,1,Unknown
Dog,Olaf,Olaf,4,Chihuahua
Dog,Buttons,Buttons (sometimes with a french accent),2,Beagle
Dog,Stevie James,Steve,9,Maltipoo
Dog,Mila,Crusty,14,Rottweiler Mix
Dog,Murphy,Murph,5,Golden Retriever
Cat,Tiger,tiggy,5,Unknown
Cat,Edna Lou,Breadna,5,Unknown
Cat,Princess Purdy,Purdy,11,Domestic Longhair
Cat,Squidward,Squid,1,Domestic shorthair
Dog,Oscar the Amazing VelcroDog,Oscar,12,Terrier mix
Dog,Poppy,Poppy,4,Shih Tzu
Cat,daisy dukerson,Daisy,5,Unknown
Cat,Tigger,Tigger,17,Tabby
Cat,Bubbles,Bubby,6,Unknown
Cat,Prince Charlie,Charlie,11,Domestic Longhair
Dog,Ellie Mae,Ellie,13,Cocker Spaniel
Dog,Snowy,Snow,11,Shih Tzu
Dog,Bruno,Bruno,4,Border Collie
Cat,Twitch,Twitch,11,Domestic shorthair
Dog,Mona,Mona,12,Bluetick beagle
Cat,harley davidson,har mar,9,Unknown
Cat,Ted Kennedy,Teddy,1,Domestic shorthair
Dog,Yaz,Yazzy,11,Golden retriever/border collie
Dog,Princess Leia Organa,Princess,Dead,Mongrel
Dog,Oakley,"Oak, oakey-doke",3,Shih Tzu
Dog,Tinkerbell,Tinky,4,Chihuahua
Cat,Bella,Bella,4,Maine Coon mix
Cat,Fup,Fup,10,Unknown
Dog,Beckett,Beckett or Becky,9,Golden Retriever
Cat,Fudge,Fubdge,3,Ginger
Cat,Lady Luck,Lucky,11,Domestic shorthair
Cat,Moose,Moose,4,Maine Coon mix
Dog,Logan,Logan,10,Black Lab
Dog,Daisy Grace,Daisy,8,Mongrel
Cat,Leela,The Cat,10,Domestic shorthair
Cat,Ellie,Ellie-phant,9,Calico
Cat,Her Royal Highness the Princess Blaze,Blaze,9,Domestic shorthair
Cat,Phillipe Robert Jean Luc Tugboat ‚ÄúToot! Toot!‚Äù,Phillipe,4,Manx cat
Cat,Alexander DapperCat,Alex,9,Domestic shorthair
Dog,Lila Betterhalf,Lila,13,Greyhound
Cat,Darling,Baby Girl,14,Manx cat
Cat,Smokey,Mr Moke,12,British Shorthair
Cat,Jezebel,Jez,14,Himalayan
Dog,Tula Jean,Tula,1,Unknown
Cat,Edison D. Cat,Eddie,9,Domestic shorthair
Cat,Redford,Rasa,12,Unknown
Dog,Odin,Odin,1,Mongrel
Dog,Annie Piker,Annie,8,Greyhound
Dog,Rusty,Rusty,4,Golden Retriever
Cat,Thomas,‚ÄúTom‚Äù ‚ÄúOld Man‚Äù,18,Domestic shorthair
Cat,Fleckchen,Monster,7,European Shorthair
Dog,Stella Luna,Stella,4,Labrador mix
Cat,Fay Fuller,Fay,0.2684934,Unknown
Dog,Pancho Villa,Pacho,12,Pug
Dog,Waldo,Waldo,9,Cockapoo
,,,,Unknown
Cat,Luna,Kuschelmaus,8,European Shorthair
Dog,Yadier,Yadi,4,Golden Retriever
Rabbit,DJ Roomba,DJ Roomba,,Unknown
Dog,Ruby Gem,Ruby,4,Terrier mix
Dog,BuddyGus,Buddy or Boo,1.666668,Golden Retriever
Dog,Homer,Homie,5,Springer Spaniel
Dog,Pippie,Pippie or Pippo,2,Pit bull/ Bassett hound mix
Dog,Parker,,6,Beagle
Dog,Chipper Doodle,Chip,12,Chocolate lab
Dog,Jack,Jack,7,Labrador Retriever
Dog,"Xena, Warrior Pinscher",Xena,14,Miniature Pinscher
Dog,Gabby,Gabby,2,Golden Retriever
Dog,Rosebud,Rosie,10,Beagle
Dog,Cooper,Coopee,10,YorkiePoo
Dog,Shakota,Shakota,12,Siberian Husky
Dog,Wilbur,Wilby,7,French/English Bulldog
Dog,Finn T. Dog,Finn,0.416667,Weimaraner
Cat,Wilma,Wilma Jean the Queen,2,Domestic shorthair
Dog,Bailey,"Baylee Boo, Taps",2,Unknown
Dog,Sprocket,"Bark, sprock, spark",15,Mongrel
Cat,Peppercorn Ale,Pepper,14,Unknown
Cat,Stanley,Stan the handsome man,1,Domestic shorthair
Bird,Ahanu,Ahanu,13,Caique
Dog,Sophie,Sophie,13,Maltese mix
Dog,Sasha,Chunk,1,Lab/shepherd
Bird,Perkins the Parakeer,Perkins,3,Parakeet
Dog,Kookie (pronounced cookie) Pants,Noodle,15,Jack Russell Terrier
Dog,Miss Maisy Cakes,Maisy,1,Unknown
Dog,Han Solo,Solo,3,English Cocker Spaniel
Dog,Lillith Anne,Lily,6,Alaskan Husky
Dog,Michelangelo,Mikey,11,English Cocker Spaniel
Dog,Freddie Beagle,Fred or Freddie,11,Beagle
Dog,Pieper,Pooper,4,Unknown
Fish,Toilet Mimosa Gillan,Togimi,0.5000004,Betta fish
Dog,Jacob,Jake,6,Alaskan Husky
Lizard,Drazil Marie,Drazil,4,Bearded Dragon Lizard
Dog,Titus Augustus,Tidy,9,American Foxhound
Dog,,Cirrus,2,Poodle
Dog,Shelby,Shelby,14,Labrador Retriever
Dog,,Nimbus,0.5,Poodle
Dog,Finn,Finn,1,Cavalier King Charles Spaniel
Cat,Kitten Kitten Kittycat,Kitty,14,Domestic Longhair
Dog,Tessie Joan (of Arc),Tessie,7,American Foxhound
Dog,Ginger,Ginger,12,Golden Retriever
Dog,Sadie,Sadie,6,Golden Retriever
Dog,Flicka,Flicky,12,Labrador Retriever
Dog,Koda Kingslayer,Koda,2,Golden Retriever
Dog,Flicka,Flicky,12,Labrador Retriever
Dog,Maggie,Ms America,7,Golden Retriever
Dog,Henry (after Dorian Grey),Henry,1,Brittany
Dog,Megan,Puppy,10,Mongrel
Cat,Dante‚Äôs InFURno,Dante,7,Maine Coon
Cat,Gatsby,Gatsby,0.833334,"Stray, black"
Cat,Tyrone,Tyrone,0.5000004,Unknown
Dog,Hopper T. Dog,Hops,6,Golden Retriever
Dog,Snickers,Snickers,10,beagle mix
Cat,Tommy toe,Tommy,3,Unknown
Cat,Wheels,Wheels,16,Unknown
Dog,Venkman,Venk,5,Golden Retriever
Cat,Maisie,Maisie,0.833334,"Stray, black"
Dog,Murphy,Murph,"0,5",Cocker Spaniel
Dog,Maggie,Schmieg,12,Golden Retriever
Cat,Lin Meow Miranda,Lin,3,American shorthair
Dog,Jasmine,Jasmine,13,Golden Retriever
Dog,Hurley Pearly Sky-Sky,Hurley,7,Shih Tzu
Dog,Queso,Queso,14,Golden Retriever
Dog,Breezy Anne,Breezy,5,German Shepherd
Dog,Riley,Riley,7,Golden Retriever
Fish,Fishy Fishy Fishy III,Fishy,0.7500006,Siamese Fighting Fish (Beta)
Dog,Homer J,Homer,10,Basenji Mix
Dog,Tucker,Tucker,7,Golden Retriever
Cat,Kitty Vegas,Vegas,6,Domestic Longhair
Dog,Abby,Abby,3,Pit bull/Lab/Beagle/Chihuahua Mix/General mutt
Dog,Cooper Triple Bogey,Coop,0.1726029,Golden Retriever
Dog,Shelby,Shelby,1,Blue Tick Coonhound/Mountain Cur
Cat,Dr Gaius Baltar,Gusgus,10,Russian Blue
Dog,Oakley Dalton,Oaks,6,Unknown
Dog,Lucy Lou,Goose,9,Golden Retriever
Car,April,April,14,Unknown
Cat,Vasquez,Vasquez,7,Domestic shorthair
Dog,Niles Crane,Niles,4,Border Collie
Dog,Little Lucky One,Lucky,13,Chihuahua
Dog,Benjamin Sebastian,Benjamin,7,Collie basset hound mix.
Dog,Siris Maximus,Sirius,5,Alaskan Husky
Dog,Blaze,Blaze,5,Labrador Retriever
Dog,Brody,Brody,11,Yorkshire terrier mix
Cat,Ripley,Chubby Chubs,4,Domestic shorthair
Dog,Director of Chaos,D.O.C.,4,Boxer
Cat,Josh Joshua Joshylin,Josh,6,Tuxedo cat
Cat,Lisa,Lisa,12,Unknown
Dog,Cody,Codes,11,Golden Retriever
Cat,Nepeta,Nepeta,2,Shorthair cat
Dog,Emma,Rotta,6,Mittelspitz
Cat,Leeloo Dallas Multipass,Leeloo,9,LaPerm
Dog,Isabella Grace,Bella,7,Maltese
Dog,Cookie Boogie,Boogie,3,Unknown
Cat,Cataria,Tarie,2,Unknown
Dog,Salina,Salina,2,Hound mix
Dog,Theodore James,Theo,5,Maltese
Dog,Ofelia,Ofie Lofie,15,Norwich Terrier
Dog,Hermie,Hermie,4,Chocolate Lab/Pit Mix
Gecko,Turtle,Turtle,5,Unknown
Dog,Jackson Baines Hardin,"Jackson, Jack",14,Shepherd mix
Cat,Tali'zorah vas Normandy,Tali,9,LaPerm
Dog,Rudy,Rudy,12,Black Lab
Guinea pig,Teddy,Teddy,3,Unknown
Dog,Chuchi,Baby Chu,9,Toy Poodle
Dog,Belle Silver,Bobo,3,Brittany
Fish,Fish,Swish,7,Unknown
Dog,Phoebe Buffay,Phoeb,5,Staffordshire Terrier
Dog,Precious Presley,Presley,1,Labrador mix
Cat,Boots,Fuckoff,10,Black cat with white feet
Dog,Sarah Jessica Parker,Parker,8,Beagle
Dog,Princess Leah,Leah,8,Miniature schnauzer
Cat,Zeus,Zeus,2,Unknown
Dog,Mr Duke of Carol Stream,Booboo,10,Labrador Retriever
Dog,Bruno Mars,Bruno,4,Shih Tzu
Cat,Persephone,Persey,2,Unknown
Dog,Reggie,Reg,8,Border Collie
Cat,Momo,Momo,9,Domestic shorthair
Dog,Twixie,Gooben,2,Unknown
Dog,Cody,Kode,10,Golden Retriever
Dog,Maverick Clinton,Maverick,10,Labrador Retriever
Cat,Abbey Road,Abbey,3,Domestic Longhair
Cat,Naga,Naga,6,Domestic shorthair
Dog,Sven,Bean,5,German Shepherd
Dog,Lola,Lola,11,Poodle mix
Dog,Sophie,Sophie,2,Rottweiler
Cat,Stinky Pete,Pete and/or Stinky,18,Just a regular cat
Cat,Gozer,Gozey,12,Black cat
Dog,Lily Potter,Lil,2,German Shepherd
Dog,Dougie McFly,Dougie,11,Cairn Terrier
Dog,RileyRoo,Riley,2,Mongrel
Dog,Dobby,Boober,4,Pembroke Welsh Corgi
Cat,Sir Edward Julius Robert Kittybutt III,Eddie,16,Tiger cat
Fish,Chu-chu,Chu-chu,11,Goldfish
Dog,Lando,Lando,5,Bernese Mountain Dog
Dog,Tucker Paul,Tuck Tuck,6,Pit bull
Dog,Schnitzel Von Krumm,Ninnel,11,Miniature Dachshund
Dog,Wrigley,Wriglry pigley,13,Beagle
Dog,Wally,Wal,0.3333336,Golden Retriever
Dog,Snickers,Doodle,11,Beagle
Dog,Charlie,Charlie,9,Cockapoo
Dog,Pepper,Pep,0.7916673000000001,Cocker Spaniel
Dog,Brownie,Brownie,13,Beagle
Cat,Maow,Kitkat,14,Unknown
Dog,Echo,Beck,3,Corgi mix
Dog,Banky,Banky,10,Basset Hound
Dog,Koda,Koda,6,Chihuahua
Dog,Clifford,Cliff,6,Labrador Mix
Dog,Coco,Coco Bear,7,Morkie
Dog,Charlie,Charlie,8,Pit bull
Dog,Mojo,Moj,5,Chiweenie
Horse,Wizarding Wonder,Wizwo,12,Shire x TB
Dog,Hank,Hank,2,Boxer mix
Horse,Thunderhawk,Thunder,21,Spanish mustang
Dog,Sebastian,Fritz,15,Italian greyhound and jack russell
Horse,Cielo,Piglet,4,Unknown
Cat,Bebop Vincent,Beebs,5,Domestic shorthair
Horse,Thalia,Thalia,4,Unknown
Horse,Morganna la Fey,Morganna,15,Unknown
Cat,Maja,Maja,14,Grey domestic short hair
Dog,Hank,Hanky,2,Yellow lab
Dog,Ella,Ells Bells,14.5,Cocker Spaniel
Dog,Frappuccino,Frappie,7,Labradoodle
Horse,Texas Pony Smoke,Monster,2,Unknown
Dog,Gracie,Grace,12,Shih Tzu
Horse,Khan,Khan,3,Spanish mustang
Dog,Phoebe,Phoebe,2,Goldendoodle
Dog,Uma Strawn McGuire,Uma,4,Golden retriever mix
Dog,Buster,Boop squared,13,Terrierist
Horse,Reno,Reno,,Unknown
Cat,Sketchy Missouri,Sketchy,12,Tortoise shell
Dog,Eva Marie,Eva,3,Chihuahua
Horse,Boogieman,Boogie,5,Unknown
Dog,Mia Hamm,Mia,11,Golden Retriever
Cat,Charlie,Charile,18,Tabby
Dog,alia atreides,Allie,5,Mongrel
Horse,Legacy,Legacy,15,Unknown
Horse,Mambo no. 5,Mambo,2,Spanish mustang
Cat,Zoey,Zoe,4,Unknown
Dog,lexie,lex,0.833334,Golden Retriever
Horse,Mato Ma‚Äôhu‚Äôi,Mato,2,Unknown
Dog,Bernard,Bernard,5,Boxer
Horse,Starflower‚Äôs Jezebel,Jezebel,4,Spanish mustang
Cat,Jenna Nicole Rhea Lopez Horn,Jenna Jenna,8,Unknown
Dog,Myles - his roman name is Squirtacus Mylonius,Myles,10,Cockapoo
Horse,Diamond Lily,Lily,7,Unknown
Dog,Millie,Millie,9.5,Shepherd mix
Horse,Gypsy Rose Lee,Gypsy,6,Unknown
Fish,Butters,Butters,0.019,Goldfish
Dog,Bodhi,Bo,6,Golden Retriever
Dog,Mooch,Mooch,9,Terrier mix
Dog,Piper,Pipes,4,Woodle (wheaton terrier/poodle)
Cat,Ramona,Ramona,12,Unknown
Dog,Charles,Charlie,10,Corgi
Horse,Morning Glory,Glory,,Unknown
Dog,Willow,Willow,3,Sheepadoodle
Horse,Morning Mist,misty,,Unknown
Dog,Glamis Schedule K1,Kona,5,Golden Retriever
Dog,Bandit Raye,Bandi,12,Farm dog
Horse,Syndicated Copper,Copper,,Unknown
Cat,Cleo,Cleo,13,Domestic shorthair
Cat,Sebastian Ninja Nutjob,Sebastian,11,Domestic shorthair
Dog,Anderson,Andy,12,Labrador mix
Dog,Mars Harambe,Pickle,3,Catahoula mix (maybe? Don‚Äôt really know)
Roomba,"Butler, You Glorious Vacuuming Bastard",Butler,1,iRobot
Dog,Claudio Atlas Wolfric,Claudio,8,Dachshund
Rabbit,Flufy,Flufy,10,Lionhead
Dog,Lawson H Dog,Hogan,16,Briard
Cat,Smudge the Second,Deuce,4,Himalayan
Dog,Tucker,"Tucker, dude, bud",1,Bully mix
Cat,Echo,Echo,18,Unknown
Dog,Ames,Ames,5,Husky
Dog,Franc,Franc,0.3333336,Mastiff cross
Cat,Winnie,Winnie,0.3333336,Unknown
Cat,Tiggy,,0.3333336,Unknown
Dog,Oliver Jackson,Oliver/Baby/Little Man,5.5,Morkie
Dog,Dolly Doodle Dogger,Dolly,6,Labradoodle
Cat,Ann Perkins,Ann,0.5,Moggie
Dog,Cassie,Cassie,5,Mongrel
Cat,Kisa Marie,Kisa,6,Unknown
Dog,Logan,Logan brogran,2,Rhodesian Ridgeback
Dog,Basil,Basil,7,Lab/German Shepard mix
Dog,Marble,Marble,5,Plott/Coonhound mix
Dog,Hollie,Hollie,14,Westie
Dog,Cash Money,Cashie,2,Labrador Retriever
Dog,Seamus,Shamie Bameee,11,Rhodesian Ridgeback
Cat,William Robert,Billy,3,Unknown
Dog,Nash,Nash,2,Labrador Retriever
Cat,Spoons,Spoons,3,Calico
Cat,Arizona,Arizona,7,Domestic shorthair
Dog,Sian Ben Ryan,Sian or Sisi,14,Westie
Dog,Bear 2,Bear,7.5,Retriever Mix
Cat,Banjo,Banj,3,Domestic shorthair
Chinchilla,Fossedini Heraldo Macduff,Fosse,10,Unknown
Cat,Princess Melanie,Melanie,5,Domestic Longhair
Cat,Tiffany Marie,Tiffany,13,Domestic shorthair
Dog,Charles Barrath McIntyre,Barry,6,Basset Hound
Dog,Margeurite Larioux Gonzales,Maggie,6,Chihuahua-Lab
Dog,Rusty,Rusty,2,Fox red lab
Dog,Starfire,Star,15,Maltipoo
Dog,Nova,Nova,3-Feb,Mongrel
Dog,Dinty,The Dint,5,Terrier mix
Cat,Hamilton,Hammy Bits,3,Unknown
Dog,Kadie Jo,Kadie Jo,6,Labrador Retriever
Cat,Incandenza,Ink,3,Unknown
Cat,Fitzgerald,Fitz,8,Domestic shorthair
Cat,Zelda,Zelda,8,Domestic shorthair
Dog,Daisy Duke,Daisy,4,Siberian husky/Brittany spaniel cross
Guinea pig,Stewie,Stewie,2,Unknown
Dog,Sunny Sunday Sky,Sunny,15.5,Beagle
Guinea pig,Francisco,Cisco,2,Unknown
Horse,Dream On Chip,Diva,15,Appaloosa
Dog,Bailey,Bailey,3,Border collie mix
Horse,Tundra,Tundra,12,"Mixed breed (Appaloosa, paint, Tennessee walker)"
Dog,Bosco Spaghettio,Bosco,9,Border collie mix
Cat,Agnes Marie,Aggie turd,2,Unknown
Dog,Tansei,Duffus,7,Shiba Inu
Cat,Edith,Eduf Monster,1,Unknown
Cat,Mini,Mimi,13,Tuxedo cat
Cat,Theodore,Ted,4,persian
Dog,Molly,Molly,16,Golden Retriever
Dog,Duke Dukington,Duka,3,Chihuahua mix
Cat,Oliver Newton,Ollie,4,Maine Coon
Dog,Prince Phillip the 2nd,"Phillip, Daddy-o",12,West Highland White Terrier
Cat,Starla,Starla,4,Domestic shorthair
Dog,Petey,Petey poopoo head,11,West Highland White Terrier
Dog,President Nixon,Nixy,8,Mongrel
Dog,Daisy Doodle Fat Kid with Butt Spots,Daisy,4,Hound mix
Dog,Benry of Willowbrook,Benry,8,Golden Retriever
Dog,Qoda,Qoda,"2,5",Golden Retriever
Dog,Ziggy Starsog,Zig,1.5,Hound mix
Dog,Samuel Labrador,Sam,13,Labrador Retriever
Hamster,Princess Consuela Banana Hammock,Banana,Deceased ,Unknown
Dog,Bentley Boy,Bentley,13,Shi-tzu/Bichon
Dog,Taco Belle,Taco,So so ,Taco
Dog,Pluto,Pluto,Deceased,Golden Retriever
Hamster,Scooter Computer,Scooter,2,Unknown
Dog,Toby,Toby,6,beagle mix
Dog,Harlee,Harlee,3,Anatolian Shepherd
Dog,Nessa,Nessa,1,Golden Retriever
Dog,Biscuit Bandit,Bandit,3,Labrador Retriever
Cat,Sophie,Fuzzbutt,2,Unknown
Dog,The Real Slim Sadie,Sadie,1.5,Golden Retriever
Dog,Quincy Sugarplum,Quincy,3,Golden Retriever
Dog,Skipper Doo,Skip,4,Yorkie
Dog,Sam Ruffalo,Sam,6,Golden Lab
Dog,Brutus Buckeye,Brutus,11,Golden Retriever
Dog,crespo,crespo or baby üòÇ,12,shihtzu and mixed
Dog,Rossignol,Rozzie,Dead :(,Siberian Husky
Hamster,Peaches,Peaches,3,Unknown
Dog,Pepper,Pepper,4,Mongrel
Dog,Amaya,Maya,6,Siberian Husky
Cat,Eloise,Ellie,10,Unknown
Cat,Olive,Ollie,4,Unknown
Cat,Kiki Buntain,Kiki,18,Moggie
Dog,Tiger,Tiger,12,Unknown
Dog,Bonnie,Bonnie,8,Westie
Dog,Abby,Abby,11,Cavalier King Charles Spaniel
Gecko,Gomez,Gomie,10,High yellow leopard gecko
Dog,Cooper,Coop,7,Labrador Retriever
Dog,Chase,Chase,3,Husky mix
Hamster,Steve Hammond,Steve,0.3333336,Russian Campbell
Dog,Riley Jenkins,Riley,1.5000012,Golden Retriever
Dog,Montgomery T Dog,"Monty, monkey, monkeyrunk,",2,Dalmatian labrador Cross
Dog,Nana Roo,Nana,5,German Shepherd
Cat,Ella Grey,Ella,7,Unknown
Dog,Callie,Cal Gal (the golden),3,Golden Retriever
Dog,Rocco Norbert,Rocco,10,Golden Retriever / Chow
Dog,Jack,Jack,3,Terrier something or other
Dog,Ted,Ted,0.5000004,Welsh Terrier
Snake,Desiree,Desiree,11,Rosy boa
Dog,Jaida Lynn,Jaida,12,Black lab / terrier
Snake,Gaia,Gaia,10,Dumeril‚Äôs boa
Dog,Daisy Lulu,Daisy,9,Toy Poodle
Cat,Phillip,Phillip,16,Yellow buddy tabby?
Cat,Sunni,Sunni,10,Birman
Cat,Nymeria,Nym,5,Domestic medium hair
Cat,Scarlett,Scar,9,Unknown
Cat,Ink,Ink,0.5000004,Domestic medium hair
Cat,Drew,Drewbeans,7,Unknown
Dog,Titus,Titus,7,Labrador Retriever
Cat,Midna,Midna,8,Domestic shorthair
Dog,Cookie Asparagus,Cookie,11,Chihuahua Jack Russell Terrier
Dog,Tessa Leigh,Tessa,11,Labradoodle
Dog,Ali,Ali,5,Greyhound
Dog,Daisy,Daisy/Dandelion,4,Labrador mix
Dog,Lucky,Luck luck,5,Labrador Retriever
Cat,Rex,Rex,7,Maine Coon
Dog,Harper Jean,Harper Jean,1.5,German Shepherd mix
Cat,Maverick,Maverick,2,Unknown
Hermit Crab,Rork,Rork,2,Unknown
Cat,Tina Fay,Tina,6,Unknown
Cat,Sophie,Sophie,4,Domestic shorthair
Dog,Max-well,Max,6,Golden Retriever
Dog,Mica,Mica,6,Labrador mix
Cat,Patches,Patches,10,Tuxedo cat
Cat,Ash,Asch,4,Domestic shorthair
Other,Yuri,Yuri,1,Rat
Other,Ravio,Ravio,1,Rat
Dog,Sylvester Balboa,Sly,6,Golden Retriever
Dog,Mia Roo,Mia,11,Australian Shepherd
Other,Melody,Melody,1,Winter white
Dog,Casper Tiberus,Casp,4,Mongrel
Dog,Chummy,Chumbles,5,Labradoodle
Dog,Luna Bean,Luna,7,Italian greyhound x chihuahua
Other,Brown Gerbil,Brown Gerb,2,Gerbil
Cat,Gabby Comacho,Cho Cho,16,Domestic shorthair
Other,White Gerbil,White Gerb,2,Gerbil
Dog,Sofie Tooter Scooter,Sophie,7,Chihuahua
Dog,Mojo,Mojo,5,Labradoodle
Dog,Grace,Grace,1,Mongrel
Cat,Misha,Misha,8,Tabby
Dog,Frankie,Frankie,1,Mongrel
Other,Dollar dollar bills y'all,Bill,2,Guinea Pig
Dog,Osa,Osa,9,Akita husky mix
Dog,Dixie,Dixie,13,Pit bull mix
Cat,Barnabas,Bucky,0.9166674,Moggie
Dog,Nina,Nina,7,West Highland White Terrier
Cat,Bitsy,Bitsy,15,Domestic shorthair
Dog,Rachel,Rachel,8,Schnauzer
Dog,Piper,Piper,9,Labrador Retriever
Dog,Bella,Belly,10,Yorkie
Dog,Queen Khaleesi,Queenie,12,Mountain Dog mix
Cat,Pumpkin,Pumpkin,6,Unknown
Dog,Bridget,"Bridgy, Pookie bridge",15,Mongrel
Dog,Bodacious,Bodie,14,Black Labrador Retriever
Dog,Mama Rose,Rosie,7,Pit bull
Dog,Augustus,Gus,0.6666672,Golden Retriever
Cat,Sunshine,Sunshine,7,Tiger stripe (orange)
Dog,Tater,Tater,0.2500002,Labrador & great pieraneese
Cat,Millicent,Millie,6,Unknown
Hedgehog,Gustavus Ericius Hedgehog of the North,Gus,1.5,Unknown
Dog,Beverly Ann,Beverlana,13,Golden Retriever
Dog,Cora Smalls,Cora,3,Havanese
Dog,Jasper,Jasper,16,dalmation/beagle
Cat,Dust,Dust,1,Unknown
Dog,Caleb,caliber,1.5,Blue Tick Coon Hound
Dog,Tonka,"Tonks, Tonkers, Sir Tail",8,Newfoundland
Bird,Spike,Spiker-doodle,13,Cockatiel
Cat,Ash,Ashy boy,9,Unknown
Cat,Blossom,Moose,6,British long hair
Cat,Violet,Violet,14,Shorthair cat
Cat,Thor,Thor,4,Unknown
Dog,Hank,Baby,2,Boxer
Dog,Brandy,Puddin,5,Lab/pitbull mix
Cat,Lily,Lillibutt,11,Shorthair cat
Dog,Sir Squeaksalot the Second,Twoie,9,Chinese Crested Powder Ouff
Cat,Buddy,Buddy Boi,4,Shorthair cat
Dog,Colby Jack,Jack,5,German Shepherd
Dog,Cooper,Coop,0.11,Labradoodle
Dog,Murphy,Murph,1,Goldendoodle
Dog,Phineas,,7,irish soft-coated wheaten terrier
Dog,Peach,Peach,2,Mongrel
Dog,moose alexander,Moose,0.6666672,Maltipoo
Cat,eliza goose,eliza,2,Grey domestic short hair
Guinea pig,Nibbles,Nibsey,5,Shorthair
Cat,Chichi,Chichi,9,Tabby
Cat,Isabella,Izzy,4,Unknown
Dog,Ruby,Ruebs,6,Rhodesian Ridgeback
Dog,Ruby,Ruby,4,Labrador Retriever
Dog,Min Ottende Bold,Otte,9,Black Labrador
Dog,Min fine Nimina Beana,Mina,6,Yellow Labrador
Dog,Lucy,Lu,3,Great Pyrenees
Cat,Belvedere,Biff,16,shorthair mackerel tabby
Cat,heaven,Kitty,8,Tortoise shell
Dog,Lucy Lou,luey,4,Basset Hound
Dog,Katniss Underfoot,Katniss,9,Pit bull
Dog,Sadie,Sayd,13,Border Collie
Dog,Coco  Chanel mademoiselle,Coco,5,Golden Retriever
Dog,Maggie,Mags,8,Border Collie
Dog,Gunner baker,Gunner,12,Labrador Retriever
Rabbit,Lady Sybil,Lady,1.75,Holland Lop
Cat,Ashley Williams,Ash,8,Maine Coon
Dog,April in Paris,Paris,6,Golden Retriever
Rabbit,Colby,,3,Unknown
Cat,Mister,Mister,2,American shorthair
Cat,Goku,Tutu,2,Unknown
Other,Miles,Miles,5,Goldfish
Cat,Fuzzball,Fuzzybutt,10,American shorthair
Dog,Felix,Felix,2,Unknown
Cat,Benjamin,Ben,14,Unknown
Dog,Woodruff,Woody,10,Saint Bernard/Cocker Spaniel
Cat,Tibby,Tib or Monster,3,Unknown
Dog,Kitty take your gloves off,Reba,8,Golden Retriever
Cat,Honey,Honey,7,Tabby
Dog,Mulligan,Mull,12,Golden Retriever
Dog,Loki,Loki aka goof ball,0.6666672,Golden Retriever
Dog,Okemo,Okemo,8,Australian Cattle Dog
Dog,Beau,Beau,1.5,Golden retriever mix
Cat,Lucy,Lucy,6,Unknown
Dog,Zack attack,Zack,10,Golden Retriever
Dog,Kendall,Kendall,4,Hound lab mix
Dog,Bailey,Bailey,1,Lab/pointer
Dog,Ranger,Ranger,11,German Shepherd/Husky
Dog,Dan,Dan,12,Basenji Mix
Dog,Sir Maximillion of Binghamton,Max,10,Golden Retriever
Dog,Freya,Freya,3,Pointer/sharpei
Dog,Jackson,Jax,14,Golden retriever mix
Dog,Kurama,Kdog,3,Unknown
Dog,Luchik,Luchik or Luci,5,White German Shepherd-Husky
Dog,Pippi Hyde,Pippi,11,Cocker Spaniel
Cat,Scarlett,Purrincess Kitty,13,Domestic shorthair
Dog,Pearly,Pearl,5.5,Husky mix
Cat,Sebastian,Monkey,12,Domestic shorthair
Dog,Walter,Walty,6,Spaniel Mix
Cat,Reeses Pieces,Reesie,2,Domestic shorthair
Dog,Buddy of Bailey's Irish Cream,Buddy,11,Black Lab
Dog,Belle,Belle,15,Golden Retriever
Cat,Sushi Roll,Sushi,1.5,American Bobtail
Dog,Zoe Marie,Zoe,6,German Shepherd mix
Dog,Wilson,Wilson,4,Labrador mix
Cat,Mochi,Mochi,1.5,American Bobtail
Dog,Reesie,Reesie,14,Yorkshire Terrier
Cat,Sasuke,Sasuke,6,Moggie
Cat,Sasuke,Sasuke,6,Moggie
Dog,Bocephus Ray,Bo,6,German Shepherd mix
Dog,Gunner,Gunny,5,Yellow lab
Dog,Stella,Stella,12,Daschund mix
Dog,Bailey's Irish Cream,Bailey,13,Black Golden Retriever (GR/choc lab)
Cat,Abigail,Abby,8,Siamese
Dog,Poppy,Pops,16,Jack Russell
Dog,Nina,Beans,12.5,Flat Coated Retriever
Cat,Boris,Boris,3,Spinx
Cat,Smoochey,Moo moo cow/ moochey,18,Domestic shorthair
Cat,Toast Malone,Toast,5,Unknown
Cat,Hex,Hex,8,Unknown
Cat,Smudge of Grey,Smudge,7,Unknown
Dog,Charlotte,Char,4,Beagle/Jack Russel
Dog,Ms. Cuddles,Cuddles,13.75,Chiffon (Shih Tzu/Brussels Griffon)
Dog,Wayne Rooney,Roo,13,Border Collie
Dog,Snack,Snack,2,Rottweiler/cocker spaniel mix
Cat,Skipper,Skips,16,Unknown
Cat,Nacho Bell Grande,"Bean, nacho,",1,Unknown
Dog,Hazel,"Zelly, ZZ, Hayzelly",3,Golden Retriever
Dog,Luna Calamity Barnes,Luna,9,Mongrel
Dog,Hiro Barnes,Hiro,5,Mongrel
Dog,Ramsey,Ramsey,0.3333336,Labrador Retriever
Dog,Stella Diane,Stella,6,Havanese type mix
Dog,Trigger,Trig,4,Labrador Retriever
Cat,Noodle,Noodle,3,Calico/domestic shorthair
Dog,H√©lo√Øse,H√©lo√Øse,11,Papillon mix
Dog,Scout McGee,Scout,12,Spitz
Dog,Milo,Milo,2,Golden Retriever
Dog,Colby,Kolbie,10,Beagle
Dog,Rhyannon's Princess Nikita,Nikki,10.5,Siberian Husky
Cat,Scram,Scrammies,2,Domestic medium hair
Cat,Darwin,Cat,7,Unknown
Cat,Leo,Leo,16,Unknown
Cat,Kanga,Kanga,4,Calico/Tabby
Rabbit,Winona,Winnie,2,Unknown
Cat,Bugaloo Bonzai,Bug,7,Unknown
Dog,Malcolm P. Dog,Malcolm,17,Mongrel
Dog,Maxwell T. Bone,Max (Alias: BrownDog),11,Chocolate lab
Cat,Patches,Patch,8,Unknown
Dog,Indy,Indy,8,Poodle/beagle
Dog,Cody Fluffball,Cody,11,Golden Retriever
Dog,Fudge,Fudgie,6,Pug/beagle mix
Dog,Mia,Mia,13,Golden Retriever
Cat,Louie,Louie,4,Unknown
Cat,Mitzi Junebug Kandinsky,Mitzi,8,Unknown
Dog,Megan Gabriela Ortega,Moo,11,Boxer
Cat,Bernie,Bernie (Bernard if naughty),2,Domestic Longhair
Dog,Bel,Bel,7,Cocker Spaniel
Dog,Artie,Artie Party,14,Golden Retriever
Dog,Snickers,Snickers,9,beagle/german shepherd mix
Cat,Hazel,Hazel,4,Domestic shorthair
Dog,Blue,Blue,7,Blue heeler mix
Dog,Wally,WaWa,2,Golden retriever mix
Dog,Copper,Copper,10,Chihuahua mix
Cat,Harold,Harry,0.1150686,Cat
Lizard,Birdie,Baby liz,7,Unknown
Cat,Sir Jonathan Pooh Cat,Jonathan,10,persian
Dog,Juliet,Jules,2,Pit bull
Cat,Scout,Scout,9,Tabby
Dog,Dasher,Dash,8,Spanador
Dog,Grace,Gracy,5,Labrador Retriever
Dog,Ruby,Ruby,12,Mongrel
Bird,Nugget,Nugget,2,Ringneck Dove
Dog,Levi,Lee,6,Australian Shepherd
Dog,Elle Loki Bean,Bellie,1,Boxer mix
Dog,Dorthea Dix,Doge,5,Golden Retriever
Dog,Layla Bo Peep,Layla,0.3333336,Puggle
Dog,Rocky,Rocky,12,Beagle mutt
Dog,Tillith,Tilly/TillBear,8,Hound mix
Dog,Rollo,Rollo,3.5,Yellow lab
Dog,Nisku,Nisku,2,German Shepherd mix
Cat,Cat,Cat,8,Domestic Longhair
Cat,Peaches,Peaches,5,persian
Dog,Sadie Jo,Sadie or Tato,5,Yellow Labrador Retriever
Dog,Lady,Lady,9,Bernese Mountain Dog
Dog,Sammy Q,Sam,10,Golden retriever mix
Cat,Cookie,Cookaroo,9,Siamese Mix
Cat,Pepper,Bebs,4,Tabby Mix
Cat,ipod,ipod,12,Unknown
Cat,hank the cowcat,Hank,12,Unknown
Dog,Oliver Phish,Oliver,2,Pit bull mix
Dog,Cleopatra,Cleo,6,Italian mastiff
Dog,Birdie,Birdir,1,Labradoodle
Dog,Murphy,Murph,0.5833338,Golden Retriever
Dog,Ryder,Ryder,14,Yellow lab mix
Dog,Talani Snowmageddon,Milo,0.3750003,Golden Retriever
Dog,Winnie the Blue,Winnie,0.9166674,Pit bull
Dog,Scarlett,Scarlett,0.2500002,Cavalier King Charles Spaniel
Dog,Gus,Gus,11,Golden Retriever
Dog,Dixie Marie,Dixie,8,St. Bernard
Dog,Heidi,Heidi,2,St. Bernard
Dog,Phin,Phin,2,St. Bernard
Dog,Jager,Jager,12,Labrador Retriever
Dog,Brown Bear,Bear,7,Unknown
Dog,Lucy,Lucy,4,Golden Retriever
Dog,Kahlua,Chicky-chix,0.833334,Mongrel
Cat,Epinephrine,Epi,9,Moggie
Dog,Bailey,Stinky,1,Silver lab
Dog,Bailey,Stinky,1,Silver lab
Cat,That Cat,T.C.,9,Moggie
Dog,Rocky,Rocky,5,Pit bull/lab mix
Bird,Buddy Ryan,Buddy,12,Unknown
Dog,Abigail,Abby,4,Pit bull
Dog,Kira,Kira/Squishy,15,Beagle
Dog,Sammy,Sam sam,6,Golden Lab
Dog,Piper Marie,Piper,4,Newfoundland mix
Dog,Charlene,Charlie,12,Labrador mix
Dog,Thor Mighty God of Thunder,Thor,9,Daschund mix
Dog,Cody Anne,Cody,2,Golden Retriever
Cat,Caesar,Jeff-jeff,9,Unknown
Dog,Tessa,Tessa,11,German Shepherd
Cat,Theia,"Kitty, booger butt, fluffybutt",11,Domestic Longhair
Cat,Minerva Mcgonagall,Minna,5,Tabby
Dog,Lily,Lily,10,Shepherd chow mix
Dog,Butters,Butters,9,Shepherd mix
Dog,Marigold,Marigold,8,Heinz 57
Dog,Prince Romeo,Romey,8,Miniature Pinscher
Cat,Teacher‚Äôs Pet,Teeps,2,Unknown
Cat,Wimpy,Wimpy,2,Unknown
Cat,Lucy,Lucy,2,Unknown
Dog,"Snickers the First, Head Woofer",Snickers,6,YorkiePoo
Dog,Lucky,Lucky,3,Lab/blue heeler/mixed breed
Dog,Ares,Ares,8,Olde English Bulldog
Cat,Skylar,"Sweet boii, my beautiful baby boy",3,Unknown
Dog,Maximillian,Max,13,Golden Retriever
Dog,Rogue,Rogue,6,Border collie/weimerheimer/mixed breed
Cat,Sweety,Sweety,Unknown ,Domestic Longhair
Cat,Benny,Ben,4,Domestic shorthair
Dog,Ace,,1,American Hairless Terrier
Dog,Ava,,4,American Hairless Terrier
Dog,Winnifred,Winnie,6,Shih-Tzu Poodle Mix
Dog,Mika,Mika,8,Pit bull/lab mix
Dog,Charlie Elizabeth Begonias,Charlie,5,Labradoodle
Dog,Jack Ass,"Jack, Jackie",5,Border Collie Australian shepherd mix
Cat,Bean,Cat,7,Unknown
Cat,Skipps,Skipper,1,Unknown
Cat,Carly Q Cat,Carl,5,Unknown
Dog,Dan,Digger,13,Pug
Dog,Coco,Koko,4,French Bulldog
Dog,Archibald,Archie,2,Golden Retriever
Dog,Sassie,Sassie,19,Poodle
Dog,Zoe,Zoe,12,Shih tzu/ poodle
Dog,Bo Bo,Bobes,10,Mongrel
Cat,Sophie,Sofi May Bofi,2,Calico
Dog,Isiah Thomas,Izzy,0.2500002,Maine Coon
Dog,Sir Pete the Pup,Pete,12,Chihuahua
Dog,Roux Stir,Roux,8,Catahoula mix
Dog,Lucy Scramble,Lucy,5,Boxer
Dog,June Bug,June Bug,10,Shepherd mix
Dog,Crinkle,Crink-a-dink,7,Rhodesian Ridgeback
Other,George,George,Unknown,Metamorphic
Dog,Smokey,Spooky,14,Mongrel
Dog,Daisy Mae,Daisy,3,Labrador mix
Dog,Crimson,Crimson,9,Beagle & Lab/German Shepherd mix
Dog,Tide,Tide Dog,9,Beagle & Lab/German Shepherd mix
Card Board Poster ,Kendall Jenner,Ken,23,Human
Dog,Sophie,Sophie,10,Lab & Jack Russell Mix
Dog,Sir Nigel Petrie of the Poofybottom Clan,Nigel,12,Pomeranian/terrier mix
Dog,Toby,"Bobo, Tib Tob, Tibbi Bibbi, Corn Chip",10,Newfoundland/St. Bernard
Dog,Bruin,Bru,7,Golden Retriever
Dog,Lucinda Jean,Lucy,1,Golden Retriever
Dog,Dave,Dave,4.5,Golden Retriever
Dog,Harper Valley,Harper,0.2500002,Dachshund
Cat,calleigh Marie,Calleigh,14,Domestic shorthair
Dog,Buster Brown,Buster,11,Mongrel
Fish,√òptifish,√òptifish,0.0383562,Goldfish
Dog,Leila,Leila!!,5,English Pointer
Dog,Trixie,Trixie Treat,3,Golden Retriever
Dog,Archer,Archibald,9,Labrador mix
Dog,Josie Pancakes Fluffybottom,Josie,8,Heinz 57
Cat,Tiger Jack,Jack,6.75,Tabby
Cat,William Orange,Willie,6.75,Tabby
Dog,Zeus,Zu,1.5,Great Dane
Dog,Shooter,Shooter,8,Blue Heeler
Dog,Ellie,Ellie,8,Yellow lab
Dog,Macie,Mace,8,Golden Retriever
Dog,Maddie,Bubbis,17,Shih Tzu
Cat,Motown,Mo,8,Domestic Longhair
Fish,Spot,Spot,0.5000004,Betta fish
Dog,Squirt,Squirt,7,Bulldog
Dog,Samantha Marie,Sammy,8,Mongrel
Dog,Quincy,Quincy,5,Chow mix
Dog,Cajun,Cajun,6.5,Golden Lab
Dog,Duke,Dukie Doo,3,Pit bull
Dog,Daisy,Daisy Dee,3,Pit bull
Dog,Nico,Nico,4,Pug/Boston Terrier Mix
Dog,Chance McCoy,Chance,10,Golden Retriever
Dog,Kobi,Kobi,11,Pit bull mix
Dog,Maila,Maila Moose,1,South African Mastiff
Horse,Domino,Dommi,6,Paint
Dog,Phineas,Phin,3,Labrador Retriever
Dog,Cody,Vody,20,Labrador Retriever
Dog,Perry,Perry,3,Labrador Retriever
Chicken,Gregory Peck,Greggie,2,Bantam Cochin
Dog,Call it a night Sir Dudley,Dudley,5,Golden Retriever
Dog,Madison Brooke,Maddy,7,Foxhound Mix
Cat,Pandors,Pandora,10,Unknown
Dog,Like Francis,Luke,8,Treeing Walker Coonhound Mix
Cat,Bo Bo,Bo Bo,4,Unknown
Cat,Zooey,Zooey,8,Unknown
Cat,Mollie,Molly,2,Evil
Cat,JJ,JJ,0.5000004,Unknown
Cat,Jenson Button. (Last name pronounced Boo Tawn),"Boo Bear, JB, or Button (Pronounced Boo Tawn)",8,Moggie
Dog,Pilikia,Pili,14,Chihuahua
Dog,Mia Pieper,Mia,3,Black lab/ greyhound mix
Cat,Nova Blake,Nova,1,Tabby
Dog,Pepper Potts,Pepper,6,Golden Retriever
Dog,Scruffy,Scruffy,Dead,Mongrel
Cat,Nikolai Maranov,Mr. M,12,Maine Coon
Cat,Django,Django,16,Tuxedo cat
Dog,Princess Jessi,Jessi,7,Unknown
Dog,Mowgli,,1,Labrador Retriever
Dog,,,2,Labrador Retriever
Dog,Wille,Willie,8,Unknown
Dog,Otto,Otto,1.5,Doberman/Basset Hound
Cat,Momma Martha,Martha,5,Domestic shorthair
Dog,Optimus,Opti,7,Maltese
Dog,Memphis Mumford,Memphis,2,Cane Corso Mastiff
Cat,Antoine,Toine,8,Tabby
Dog,Louie,Louie,6,Lab/bloodhound mix
Cat,Hunter Pounce,Caracat,8,Shorthair cat
Dog,Anna,Anna,5,Unknown
Dog,Chester,Chester,13,Nova Scotia Duck Toller
Dog,Zeus Theodore,Zeus,7,Schnoodle
Dog,Ripley,Ripley,13,Golden Retriever
Dog,Beau,Beau Beau,4,Goldendoodle
Dog,Lucy,Lucy,9,Golden Retriever
Dog,Penelope,Penny,3,Maltese
Dog,Callie,Cal,4,Golden Retriever
Dog,Jake,Jakey poo poo head,2,Goldendoodle
Dog,Willie,Willie,2.5,Labrador mix
Dog,package,package,1,Dalmatian mix
Cat,Algernon,"Algy, Gu",11,Unknown
Cat,Pickles!,Pickles or Pumpkin or Cutie Pie or Little Darlin,3,Tortie
Cat,jiblit,tiny jib,1,Unknown
Dog,Luna,Luna,5,Yorkie
Dog,Delilah,Lila,4,Labrador Retriever
Cat,Celie,Celie,7,Tabby
Cat,Sophie,Sophie,7,Tabby
Cat,Oliver Wendell Holmes,Oliver,9,Unknown
Dog,Josephine,Josie,4,Border Collie/Pit Mix
Dog,Russell D.,Rusty,9,Mongrel
Dog,Excalibur Insubordinate O‚ÄôMallie IX,Cali,2,Golden Retriever
Dog,Darth Vada Mae,Vada,7,Border collie/corgi
Cat,Felix,Felix,12,Domestic shorthair
Dog,Butterscotch,Butters,10,Mongrel
Dog,Emma Jean Jelly Bean,Emma,13,Shih Tzu
Cat,Binky,Binky,2,Domestic shorthair
Cat,Sox,Sox,10,Domestic shorthair
Dog,Rigby,Rigs,6,Boston terrier
Dog,Sir Scribbles Of the Shire,Scribbles,5,Shih tzu/corgi
Cat,Herbert Fitzgerald,Bertie,3,Ragdoll
Cat,Gary,Gary,3,Tabby
Cat,Cassandra,Cassie,7,Siamese Mix
Cat,Moose,Moose,0.1666668,Calico
Dog,Tele,Tele,11,Labrador Retriever
Dog,Maggie,Pooper,14,Dachshund
Cat,Daniel,Daniel,16,Oriental Shorthair
Cat,Kitty,Kitty,16,Domestic shorthair
Dog,Daisy Mae,Daisy,11,Golden Retriever
Dog,Bug,Bug,6,Jack russel mutt
Dog,Raven,Ray,6,German Shepherd
Dog,puppy girl,Puppy,4,Jack Russell
Dog,beyonc√©,beyonc√©,2,Chihuahua
Dog,Pippa Mad,Pippa,2,Havanese
Dog,Tails Balboa,Tails,14,Chihuahua
Dog,Tara Balboa,Tara,6,Chihuahua
Dog,Mia,Mimi,1,Chihuahua
Dog,Slainte,Slainte,12,Chiweenie
Cat,Persephone,Persnuffy,11,Unknown
Cat,Piper,Pipes,1,Unknown
Cat,Belle,Tiny Kitten,12,Unknown
Cat,Nyx,Nyxapooski,8,Unknown
Dog,Clyde Frog the Dog,Clyde,3.75,Yellow Labrador
Cat,Baby Tiger,Tiger bub,11,Unknown
Cat,Havoc,BB,2,Unknown
Dog,Asher,Ashie,9,Golden Retriever
Dog,Miley,Miley,13.5,Mongrel
Cat,Tux,Monsieur Tux,2,Unknown
Other,Paisley Desert Melody,Melody,7,Mustang (horse)
Dog,Suzie,Suzie,5,Chocolate lab
Dog,Joshua,Joshie,9,Golden Retriever
Dog,Kona Kai,Kona,2,Mongrel
Cat,Simba,Simba,6,Domestic shorthair
Dog,Charlie,Charlie,11,Boston Terrier x Pug
Turtle,Lucky,Lucky,Unknown,Desert tortoise
Cat,Duncan,Duncan,5.5,Unknown
Dog,Lucky,Lucky,4,Labrador Retriever
Dog,Lily Ann,Lily,3,Golden Retriever
Dog,Robbie,Robbie,10,West Highland White Terrier
Dog,Chance,Chance,4,Labrador Retriever
Cat,Mir Hector,Mir,11.5,Domestic shorthair
Cat,Clover,Clo,3-Feb,Unknown
Cat,Lacerta Grace,Laci,11,Domestic shorthair
Dog,McGregor,Gregs,11,Scottish Terrier
Cat,Mosephus,Mo,4-Mar,Unknown
Dog,Maggie,"Mags, maggals",6,Corgi
Dog,Boo Radley Beauregard,Boo,5,Hound mix
Cat,Pictor James,Pictor,8,Lynx point Siamese
Cat,Yellowie,Old man,19,Unknown
Cat,Sylvio,Syl,14,Unknown
Dog,Jean Louise,Scout,2.5,Golden Retriever
Cat,Cooper Kent DeGroat,Cooper/Tooper,1,Tuxedo cat
Dog,Java Joe,Joe,0.1342467,Corgi
Dog,Heidi hoho,Heidi,7,Unknown
Dog,Finlay Heisenberg,Finn,8,Shetland Sheepdog
Cat,Porkchop,Porkie,4,Unknown
Dog,Nala Belle,Nala,11,Golden Retriever
Cat,Lila,Lielee,10,Domestic Longhair
Dog,Matelin Paco Junior,Mate,9,Australian Shepherd
Cat,Applesauce,Apple,2,Unknown
Dog,Eddie,Eddie,8,Chihuahua
Dog,Sir Thompson Squigglebutt,Tommy,7,Chihuahua
Dog,Miss Kasey Bubbles,Kasey,8,English Setter
Dog,Angel,Angel,9,Golden Retriever
Dog,Loosie,Goose,15,Whippet
Bird,Ruby,Ruby,2,Parakeet
Dog,Sophie,Sophie,14,Whippet
Lizard,Robert,Robbie,1,Leopard gecko
Dog,Douglas,Douglas,10,Basset Hound
Dog,Zoi,Z,1,English Setter
Cat,Menke,Menke,4,Manx
Dog,Jasper,Jasper,14,Whippet
Dog,Rupert,Roo,3,Basset Hound
Dog,Spencer,Spence,10,English Pointer
Dog,Sir Clyde Bootsie Sideeye,Clyde,11,Chihuahua
Dog,Daisy Mae,Daisy,7,Goldendoodle
Dog,Teddy Bear,Teddy,11,Chow chow/Australian Shepard
Dog,Edward Gene,Eddy,15,Golden Retriever
Dog,Peaches Monroe,Peaches,4,Jack Russell Terrier
Dog,Sir Nicholas,Nick,9,Corgi/jack russell
Dog,Eowyn,Eo,13,Shih Tzu
Dog,Jayden,Denden,8,Shih Tzu
Dog,Joey,Jo,1,Golden Retriever
Dog,Walker Texas Ranger,Wally,1,Labrador Mix
Dog,Mike Mussina,Moose,1,Labrador Mix
Cat,Azuca,Zucchini,8,Unknown
Cat,Lady Bluebelle,Bluebelle,16,Domestic medium hair
Dog,Demon Deacon,Deke,13,Golden Retriever
Dog,benny the tiny von hudehoff,Benny,5,Yorkshire Terrier
Dog,Jacky,Jack,3,Golden Retriever
Dog,Gigi,Gigi,10,Golden Retriever
Dog,Liontamer‚Äôs Nelson M Mandela,Nelson,2,Rhodesian Ridgeback
Dog,Toby,Toby,12,Golden Retriever
Dog,Sugar,Sugar,13,Mongrel
Cat,Rey,Rey,2,Unknown
Dog,Mackley,Mackey,4,American Bulldog
Cat,Gordon BaNarNar,Gordon,6,Tabby
Dog,Sugar,Sugar,5,Golden Retriever
Dog,Minnie,Minnie,10,Miniature Pinscher
Dog,Meeko letang,Bubby,3,Rough collie
Cat,"Mephistopheles, der leibhaftige Teufel, Lord of the Underworld, Bringer of Darkness",Felix,11,Domestic shorthair
Dog,Oddjob,Jobby,11,Puggle
Cat,River,River,8,Domestic shorthair
Dog,Charleston Wesley,Charlie,1,Goldendoodle
Dog,Shelby,Shelb,0.1250001,Mongrel
Dog,Barracuda,Cuda,0.2500002,German Shepherd mix
Hamster,Lilapution Marie,Lilla,0,Unknown
Dog,Daisy,Daisy,5,Chocolate lab mix
Dog,Moose Van Haus Huenink,Moose,3,Rottweiler
Dog,Princess Bella Marie,Bella,11,Mini Dachshund/Beagle mix
Hamster,Turtle Dove,Turtle,0,Syrian
Dog,Geno Stoneycreek Pugh,Beans,2,Rottweiler
Cat,Axel daxel,Axel,9,Domestic shorthair
Fish,Michael Lee,Michael,0.9166674,Betta fish
Cat,Babe Ruthy,Babe,9,Domestic shorthair
Dog,Sadie Mae,Sadie,6,German Shorthaired Pointer
Chinchilla,Stanley,Stan Bug,0,Unknown
Dog,Ruby Sue,Ruby,3,Blue Tick Coon Hound
Rabbit,Richard Fineman,Richie,4,Unknown
Dog,Zoey,Zoey/zozo,8,Golden Retriever
Dog,Apollo,Apollo,10,Boxer
Dog,Petey,Pete,11,Labrador mix
Cat,Scuto,Scutie,10,Burmese
Dog,Sadie Blue,Sadie,9,Border collie mix
Dog,Mira,Weetum,13.5,lab/greyhound
Dog,Ginger,Ginger,10,Staffordshire mix
Cat,Cookie Dough,Miss Dough,6,Cat
Tortoise,Kachu,Kachu,4,Unknown
Dog,Hairy Potter,Hairy,12,Smol terrier
Dog,Cricket,Crickita,12,"Half schitzu, half long haired miniature dachshund"
Dog,Xenia Marie,Xenia,8,German Shepherd
Other,Potato,Tot,3,Abyssinian Guineapig
Dog,Daisy Mae,Daisy,12,Cairn Terrier
Other,Ashe,Ashe,3,American standard chinchilla
Fish,Mr. Moesby,Mr. Moesby,3,Goldfish
Fish,Helen,Helen,3,Goldfish
Dog,Skylar,Sky dog,15,Mini Australian Shepard
Dog,Maybus Dogstoevsky,Maybe,11,Treeing Walker Coonhound
Dog,Kahlua,"Louie, LouLou, KaHULA, FlufferNutter",7,Mini Australian Shepard
Cat,Foster,Foster,13,Domestic shorthair
Cat,Reese,Reese,13,Domestic shorthair
Dog,Maggie pie thatcher,Maggie,0.3333336,Blue lacy
Dog,Ashildr,Ashy,1,Boxer
Dog,Elsa,Stinky poo poo,4/1/02,German Shepherd
Dog,Belle,Stinky poo poo too,4/1/02,Golden Retriever
Cat,Mufasa,Mufasa,14,Yellow tabby long hair
Dog,Zeus,Zeusy,8,Jack Russel mix
Guinea pig,Niblet,Fat pig,4,Guinea Pig
Dog,Molly,Miss Pants,6,Labrador mix
Cat,Valerie Spaceship Pizza Party,Bubba,6,Domestic shorthair
Hamster,Penelope,Penne,1,Syrian
Cat,Peanut,Peenie paneenie,0.3333336,Calico
Cat,Jupiter,Monsieur Jups,6,Domestic shorthair
Dog,Chip,"Chippy, Chipper, Dumbo, or Chipper Dipper",13.5,Yellow lab
Dog,Chewustuffer Asshole,Chewy,2,Golden Retriever
Dog,Sailor Moon,Either Sailor or Moon,4,Newfoundland
Dog,Navigator‚Äôs Sipsey River PrinceS,Sipsey,11,Labrador Retriever
Dog,Buddy,Bud,9,Border Collie
Dog,Brown Butter Biscuit,Biscuit,12,Labrador Retriever
Dog,Millie,Lil mil,13,Shih tsu cross
Dog,Jonah,Jonah,5,Lab/Collie
Dog,Diggs,Diggs,9,Australian Cattle Dog
Bird,Gudlaguba,guba,2,Unknown
Dog,Herman,"Hermie, Herm-Derm, Herbie, Herm-Worm",14,Dachshund
Cat,Isis,Isis,9,Domestic shorthair
Dog,Datsyuk,Datsyuk,0.6666672,Shepherd mix
Dog,Nightwing,Nightwing,6,Lhasa Apso / Maltese
Dog,Isabella,Bella,5,German Shepard/ Australian Shepard
Dog,Princess Buttercup,Princess,4,Lhasa Apso / Maltese
Dog,Sir Jake of Zoar,Jake,11,Yellow lab
Cat,Michael Theodore Wazowski,Mike,2,Fuzzball
Dog,Scout,Scout,6,King Charles
Dog,Aluxe,Aluxe,14,Poodle
Dog,Brownie,Brownie,11,King Charles
Cat,Catsby,Catsby,12,Domestic shorthair
Rabbit,Clementine the Lemon,Clem,7,Unknown
Dog,Shelby May,Shelbs,6  and 1 ,Terrier mix
Dog,Mr. Henry Midas Darcy,Henry,7,Golden Retriever
Cat,Hermes,Hermes,10,Unknown
Dog,Annie Reese,Annie,11,Husky/Corgi mix
Dog,Blackjack,Blackjack,3,Lab and pit mix
Cat,Dolly Madison,Dolly,11,American shorthair
Cat,Franklin Roosevelt,Franklin,16,Siamese
Cat,Abby,Abby,2.5,Unknown
Dog,Jaden,Jaden,8,Unknown
Dog,Sophie,Soph,9,Golden Retriever
Cat,Elizabeth Bennet,"Elizabeth, no!",13,Domestic Longhair
Cat,Amadeus,Booboo,13,Domestic Longhair
Dog,Petey,Petey,11,Golden Retriever
Dog,Jack,Jackson,11,Golden Retriever
Dog,Bella,Bell,8,Puggle
Dog,Starsky Buford,Starsky,7,Foxhound
prairie dog,Beatrice,Trixie,5,Mexican black tailed
Dog,Quito,Kiki,4,Lab/APBT/Great Dane/GSD/Australian Cattle Dog/Rottweiler (Embark confirmed)
Dog,Wiggins,Wiggs,3,Black lab basset houd mix
Bird,Aretha,The broody one,1,Black star hen
Snake,Stanley,Stanley,1,Ball python
Dog,Bella,Smelly Belly,13,Weimaraner
Hermit Crab,Golddigger,Goldie,unknown,Australian
Dog,Maple,"Mapie, Mapes",0.2083335,Shiba Inu
Dog,Sara,Sara,7,Polish Tatra Sheepdog
bees,Professor McGongall (the queen),Hogwarts (the hive),A few months,Unknown
Dog,Clementine,Clem,5.5,Coonhound
Dog,Ali May,Ali,12,Labrador mix
Dog,Aspen,Ass-pen,3,Coonhound
Dog,Amber,Amber,2,German Shorthaired Pointer
Guinea pig,Diego,Dego Bear,3,Unknown
Other,Linus,Linus,1,American guinea pig
Dog,Coquine,Ti-Chat,15,Maltese
Guinea pig,Colby,Colbs,3,Unknown
Dog,Medley May,Med head/big medley,8,Great Dane
Dog,Maggie,Mag bag,3,Great Dane
Dog,Finn Jethro,Finny,7,Poodle
Dog,Tallulah Lilac,Lulah,4,Poodle
Dog,Bear,Bear,6,Husky - shepherd - collie
Cat,Fuji,Worm,9,Domestic shorthair
Dog,Emily,Emily,7,American Pitbull
Dog,Winifred Yankeestaff Arnone,Winnie,13,English Staffordshire Bull Terrier
Dog,Bella,Bella,9,Shih Tzu
Dog,Mocha Latte,Moch,2,Retriever/Pitbull
Dog,Bentley Rockstaff Jardine Arnone,Bentley,0.833334,English Staffordshire Bull Terrier
Cat,Lili,Lili,11,Russian Blue
Dog,Freddie Mercury,Fred or Freddie,15,Mini schnauzer
Dog,Einstein Pancake,Einstein,11,Shih tzu/ poodle
Cat,Kit Marlowe,Marlowe,11,Domestic shorthair
Dog,Sir Eggs Benedict,Benny,2.5,Pembroke Welsh Corgi
Dog,Bandit,Ban ban,8,Husky
Cat,Beauregard Montgomery Cat,Beau,3,Black and White
Dog,Mac,Mac,5,Border Collie
Dog,Shepherd E Stoltzfus,Shep,5,Border Collie
Dog,Cinnamon,Chinamon,4,Golden Lab
Rabbit,Greta,Greta,13,Mini Rex
Dog,Rocky Ciroc,Ciroc,6,Bichon Frise
Cat,Cloudy,Cloudy,9,Unknown
Cat,Sunny,Sunny,5,Unknown
Dog,Jack,Jack,2,Miniature Dachshund
Dog,Baldrick of Blackadder Bob,Bob,14,Miniature schnauzer
Dog,Danny,Danny,deceased,Pomeranian - Indian mongrel mix
Dog,Troy,Sweetie,9,Pit bull mix
Dog,Lavender,Lav,8,Pit bull
Dog,Buddy,Mr. B,6,Golden Retriever
Dog,Chase,Chase,6,Boxer
Dog,Charlotte,Charlie,8,Border Collie
Dog,Ice,Ice,14,Sharpei/Dachshund mix
Fish,Alpha (the Beta),Alpha,1,Unknown
Dog,Dolly,Dolly,0.2916669,Labrador mix
Dog,Geoffrey,Geoffrey,1,Maltipoo
Rabbit,Aragorn,Strider,5,Mini lop
Rabbit,Arwen,Arwen,4,Lion head dwarf lop
Dog,Holly,Holly,8.5,Golden Retriever
Dog,coco pollybird,Coco,10,Cocker Spaniel
Dog,Tim,Tim,12,Beagle
Dog,Magui Josefina Primera Mercado,Mo√±o√±ito,16,English Cocker Spaniel
Turtle,Robustiana,Robbie,5,Unknown
Dog,Scooby,Scoob,Unknown,American cocker Spaniel
Dog,Balto Jos√©,Bartolo,6,Unknown
Bird,Lul√∫ Anastasia,Pollo,16,Unknown
Dog,Xena Badass McAwesome Princess Flufflepuffs of the Ashen Fields of Mordor,Xena,6,Golden Retriever
Dog,Wilbur,Wilby,6,French X British Bulldog
Dog,Rowena Ravenclaw,Puppy,3,Rhodesian Ridgeback
Dog,Magnificent,Maggie,7,King Charles/papillon mix
Dog,Nova,Scoosh,0.5833338,Cocker Spaniel
Dog,Penny,Penny,12,Ray terrier
Cat,Jasper,Jasper,8,Unknown
Dog,Maisie taters,Maisie,2,Hound mix
Dog,Guinness,Guinness,9,Australian Shepherd
Dog,Johnny Bee,Johnny,5,Boxer mix
Cat,Emma,Emma-zoo,21,Calico
Dog,Mayflower,May,12,Labrador Retriever
Cat,Benjamin,Ben,6,Unknown
Dog,Roscoe,Roscoe,13,Beagle
Cat,Pitted bear,Pits,6,Unknown
Cat,Lily,Lily,20,Unknown
Cat,Maggie,Maggie,19,Unknown
Cat,Tom,Tomsl,18,British Shorthair
Cat,Gerri,Gerri,17,British Shorthair
Dog,Ashley,Ashley,5,English Cocker Spaniel
Cat,Moritz,Mori,8,Unknown
Dog,Janis,Janis,7,Unknown
Dog,Leonardo,Leo,7,Pekingese
Rabbit,Cheeky,Twatty,5,Unknown
Cat,Tyler,Doofus,11,Domestic shorthair
Dog,Ceili Kibbles,Ceili (pronounced K-Lee),10,Golden Retriever
Cat,Kiki,Kikster,11,Domestic shorthair
Dog,Charlie,Charlie,0.416667,Bernese Mountain Dog
Cat,Oreo,Oreo,0.2500002,Shorthair cat
Cat,Ichi,Itch,8,Unknown
Fish,Mussel,Muss,3,Unknown
Dog,Mango,Mango,2,Unknown
Hamster,Muffin,Muffin,2,Unknown
Dog,Rufus,Roofie,14,Golden Retriever
Dog,Daisy,Daze,0.3333336,Golden Retriever
Dog,Lily,Lils,13,Golden Retriever
Dog,Bertie,Bertie Boy,0.3333336,Golden Retriever
Dog,Max,Bear,7,Akita
Dog,Molly,Moo,7,Beagle
Dog,Poppy,Poppy dog,2,Golden Retriever
Dog,Daisy,Daisy dog,2,Golden Retriever
Cat,Nica-Nu,Nica-NO-GIVE-THAT-BACKQ,1.7500014,British Shorthair
Cat,Meredith,Mer,8,Unknown
Dog,Koda,Koda,9,Golden Retriever
Dog,Elwood,Elwood,9,Golden Retriever
Dog,Jake,Jakey,9,Golden Retriever
Cat,Blizzard,White,13,Unknown
Cat,Hemingway,Hemi,9,Unknown
Cat,George,Porge,11,Unknown
Dog,Miles,Miles,8,Labrador Retriever
Cat,Sherbert,Sherbert,1,Unknown
Cat,Liesje,Liesje,5,Tortoise shell
Dog,Indiana,Indy,10,Springer Spaniel
Cat,Diego Maradona,Degs,3,Unknown
Dog,Maximus Harvey,Max,2,Golden Retriever
Cat,Paco,PAC man,2,Unknown
Dog,Douglas Ray Richardson the Third,Doug,6,Red heeled
Guinea pig,Wilbur,Wilbur,1,Unknown
Guinea pig,Vincent,Vinnie,1,Unknown
Dog,Harley,Gnarly,4,Pug
Tortoise,Taco,Taco,7,Russian Tortoise
Dog,Buster,Busty,14,Jack Russell
Dog,Alfie,Alfie Dude,14,Jack Russell
Dog,Mila,Mila,9,Mixed breed Boomer
Dog,Zero,Boydog,10,Rhodesian Ridgeback
Rabbit,Cirkeline,Cirkeline,7,Mongrel
Dog,Bella Nina; Thomas James; Archie,Bella; Tom; Archie,7yrs; 4yrs; 4monthss,Unknown
Cat,"Mao. (As in Chairman Mao,  not miaow or Mayo.",Mao,14,Moggie
Dog,Briggs,Briggy,10,Labrador mix
Dog,Mya (The Dog),My,13,Yellow lab
Cat,Dee Dee,Dee,13,Unknown
Dog,Neela,Neely,8,Shih Tzu
Dog,Hank,Hankle,2,Blue heeler/Australian shepherd
Dog,Button,Button,7,Cockalier
Dog,Missy Princess,Missy,14,Cocker Spaniel
Dog,Prince,Prince,7,German shepherd/golden retriever
Dog,Samuel,Sam,8,Golden Retriever
Cat,Wolfe,Buddu,11.5,Domestic shorthair
Cat,Muppet,Muppy,6,Tabby
Bird,Bruce,Brucey,10,Budgerigar
Dog,Precious Fudge,Miss Precious,12,Chocolate lab/collie
Dog,truffles,truffs,11,chocolate poodle
Dog,woodland,Woody,4,Long-haired Chihuahua
Rat,Tomasa,Tommy,1.8,Unknown
Dog,Heath M&M,Mr. Peaf,8,Australian Cattle Dog
Dog,Mosley,Mr. Mosley,6,Pitbull/Terrier
Dog,Peter,Mr. Peter,3,Unknown
Cat,Miss Lucy,Lucy,4,Siamese
Cat,Miss Molly,Molly,3,Unknown
Cat,Luna,Luna,0.1666668,Ragdoll
Dog,Sammy,Sammy,12,Shi Tzu mix
Dog,Theodore Barkalot,Teddy,8,Bichon Havanese
Other,Delphine,,2,Speckledys
Dog,d'Artagnan,Dart,17,Pug
Cat,Fire,Fire,0.2500002,Shorthair cat
Cat,Ash,Ash,0.2500002,Shorthair cat
Cat,Kami,Kam,1,Domestic Longhair
Cat,Kit Kat,Kit,0.1666668,Medium hair
Dog,Celsius Pele Amadeus Cartier,Celsius,11,Black Labrador Retriever
Dog,Lando Calrisian,Lando,4,Labrador Retriever
Dog,Obi-Wan,Obi,2,Labrador Retriever
Dog,Titus Sirius Icarus Cartier,Titus,10,Black Labrador Retriever Mix
Dog,Samuel T Dogg,Sam,8,Labrador Retriever
Cat,Puka Shell,Puka,3,Unknown
Cat,Lily Pad,Lily,1.5,Unknown
Dog,Oreo Ann,Oreo,11,Unknown
Dog,Oliver,Ollie,7,Unknown
Dog,Stamford,Stamford,10,Bichon frise cross
Dog,Bentley,Bentley,4,Chocolate lab
Dog,Lulu,Lulu,10,Jack Russell
Dog,Ella,Elephant,8,Labrador Retriever
Dog,Roxy,Roxy,5,German Shepherd
Cat,Andrew Angela,Andie,1.5,American shorthair
Cat,Cricket,Creekee,8,American shorthair
Dog,Desmond,Dez,8,English Black Labrador
Cat,Tallulah May,Chunky butt,2,American shorthair
Dog,Stella,Stella,9,Hunterway x Collie
Cat,Snowflake,Snow / Snowy,11,Maine Coon mix
Dog,Sheena,Beena,12,Golden Retriever
Cat,Rico,Rico,13,Unknown
Cat,Sirius Black,Chonk,4,Unknown
Cat,Bellatrix Lestrange,Bella,2,Unknown
Dog,Perry the Poodle,Perry,2,Standard Poodle
Dog,Cody the Corgi,Cody,3,Pembroke Welsh Corgi
Cat,Princess Penelope Pineapple Pizza,Kitty,3,Calico
Cat,Mel,Melzinga,3,Unknown
Dog,Ginevra Molly,Ginny,0.3452058,Golden Retriever
Cat,Mel de Melissa Duarte Brandizzi,Mel,3,Unknown
Cat,Mila Vilela Brandizzi,Mila,1,Unknown
Cat,Sushi,Baby / Sushi Burger,14,Black cat
Dog,Riley,"Riley or Ri (pronounced RHY), but then there‚Äôs a bunch of nicknames like (Riley Roo, Roo, Ri Ri, Bud, Buddy, Bub, etc)",4,Husky
Dog,Cleopatra,Cleo,3,Greyhound
Dog,Coco,Coco,10,Corgi
Dog,Captain,Captain aka Cappie,14,Husky
Dog,Buddy,Buddy,8,Mongrel
Dog,Magnolia Mae,Maggie,2,Corgi
Dog,Sam,Sammy,5,Border Collie
Frog,Lily,Lily,1,Unknown
Dog,Zoey,Zo,4,Mongrel
Cat,Sammy,Sammy,9,Unknown
Cat,Tika,Tika,8,Unknown
Cat,Prince William,William,9,Unknown
Dog,Chip,Chippers,2,Golden Retriever
 Spider ,Rosie,Rosie,6,Chilean rose hair tarantula
Cat,Zoey,Zoey,5,Tabby
Cat,Stella Lou,Stella,2,Tabby
Dog,Snickers,Snick,8,Labrador Retriever
Dog,Max,Max,12.5,Labrador Retriever
Dog,Leeloo,Leeloo,2,Labradoodle
Dog,Owen,Owen,13,Ridgeback
Dog,Daisy Mae,Daisy,11,Golden Retriever
Cat,Maria,Maria,8.5,Moggie
Dog,Sunshine,Sunny,4,Pyrador
Cat,Penelope,Penelope,9,Calico
Other,Pebbles,Peb,4,Leopard gecko
Dog,Freskin,Fattima Bouffants,13,Black Labrador Retriever
Dog,Philippa,Pippa,4,American Hairless Terrier
Dog,Lillie (Lilian now that she‚Äôs older),Lilly,5,Boxer
Cat,Callie,Callie,15,Unknown
Dog,"Dr. Wolf Barker, MD PhD DOG",Wolfie,7,Mongrel
Dog,Toby,Tobias,10,Bichon Frise
Cat,Mackintosh,Milo,10,Street corner
Dog,Alice,Alicima Bouffants,11,Bichon Frise
Dog,Dee Dee,Deedle Dumpling,10,Bichon Frise
Dog,Oliver,Oliver,12,Bichon Frise
Dog,Reuben,Reuben,12,Bichon Frise
Dog,Mowgli,"Mowgli, Mr. Tude (when he's sassy)",3.5,YorkiePoo
Dog,Toby,Toby,12,Labrador Retriever
Gerbil,Salt,Salt,2,Unknown
Gerbil,Pepper,Pepper,2,Unknown
Cat,Shaka,Shaka,9,Siamese
Cat,Zia,Zia,12,Siamese
Dog,Buddy,Buddy,11,Mongrel
Dog,Bella Sitka LASTNAME,"Bell, Bella, Pretty",15,Mianture American Eskimo
Dog,Monty,Montgomery of Fitzgerald,8,Labrador Retriever
Dog,Luna Lastname,"Luna, Loon, Loonie, Miss Loon, Wiggles",0.7500006,Dachshund
Bird,Vaillante,Vaillant,5,Unknown
Dog,Echo Last Name,Echo,12,Mianture American Eskimo
Dog,Nuffin,Nuffin,6,Golden Retriever
Cat,Tauriel,Tauriel,4.5,Domestic shorthair
Cat,Garbanzo,Bean,4,Domestic shorthair
Dog,Mars,Chano,9,Corgi
Dog,Calhoun Richard Anderson du Nord,Cal,3.5,Golden Retriever
Dog,Charlie Brown,"Charlie, Charizard, Charles",10,Labrador Retriever
Dog,Bixby Lucas,Bixby,1,Black Lab
Cat,Luna Linetti,Luna,1,Black cat
Dog,Taco,"Taca Taca, snorticus",13,French Bulldog/Boston Terrier Mix
Dog,Belle,Jelly Belly,3,beagle mix
Dog,Jimmy,Jimmy,3,Jack Russell Terrier
Hamster,Wobbles,Wobbles,0.833334,Syrian Hamster
Cat,Buddha,Buddha,15,Domestic shorthair
Dog,Miles,Miles,10,Redbone Coonhound
Dog,Eleanor Rose,Elly,5,Golden Retriever
Cat,Charlotte May,Charlotte,4,Brown and white tabby
Dog,Cooper Jay Nigel Winston,Cooper,8,Yorkie mix
Dog,Buddy Augusto,Buddy,14,Cocker Spaniel
Dog,Dash,Dash,7,Pit bull mix
Cat,Calvin Coolidge Cat,Cal,17,Siamese
Cat,Gracie Coolidge Cat,Gracy,16,Russian Blue
Dog,Opie,Dope/ Opie,11,Golden Retriever
Dog,Georgia,Georgia,3,Unknown
Cat,Emile,Mealsies,6,French Charteux
Cat,Zoe,Zoe,3,Moggie
Cat,Malcolm,Mal,3,Tabby
Dog,Dino,Dino,30,Keeshound
Cat,Molly,Molly magoo,1,Moggie
Cat,Bruce Springsteen,Bruce,24,Cat
Dog,Penny,Penny,10,"Beagle, miniature pinscher"
Cat,Raven,Raven,6,Black shorthair cat
Cat,Clarabelle,Clarabelle,7,Polydactyl shorthair cat
Dog,Alex‚Äôs Fiesty Girl Bailey Balogh,Bailey,10.5,Golden Retriever
Dog,Rey,Reymundo,2.5,Jack Russell/chihuahua
Dog,Uwe,Uwe,4,Golden Retriever
Dog,Millie Betty,Mill,1.5,Dalmatian
Dog,Henry,Henny,1,Dalmatian
Dog,Daisy Mae,Daisy,13,Mongrel
Dog,Chamomile June,Cammie,9,Cocker Spaniel
Dog,Chapman,Chapman,15,Black Lab
Dog,Tucker,Tucker,0.7500006,Mini Australian Shepard
Dog,Chappelle,Mutt,7.75,Dachshund and Tibetan Spaniel
Cat,Wilhelmina Rae,Willa,5,Unknown
Cat,Frances Louise,Frankie,6,Unknown
Cat,Victoria Susan,Tori,6,Unknown
Cat,Ossana Mae,Ossie,5,Unknown
Dog,Bella,Bella,11,Greater Swiss Mountain Dog
Dog,Toby Wan Kenobi,Toby,1,Golden Retriever
Dog,Daisy,Daisy,12,Labrador Retriever
Dog,Beaucoup du Chien,Beau,Deceased,Newfoundland
Dog,Pumpkin,Pumpkin,Deceased,Yellow Labrador
Dog,Poquit,Poquit,Deceased,Chocolate lab
Cat,Orange Laurie,Orie,Deceased,Unknown
Cat,Sunset,Sunny,Deceased,Unknown
Dog,Rosie,Rosie,9,Golden Retriever
Cat,Matilda,Matilda,4,Domestic shorthair
Dog,Murphy,Murphy,10,Yorkshire Terrier
Dog,Giacomo Science,Giacomo,6,Bernese Mountain Dog
Dog,"Zuul, minion of Gozer",Zuul,5,Pitbull/Boxer mix
Dog,Trogdor Jealous,Dora,14,Mongrel
Cat,Idalou,Lou,8,Domestic shorthair
Dog,Professor Tuxedo,Tux,1,Bernese Mountain Dog
Dog,Bodie,Bodie,8,Golden Retriever
Dog,Zoey,Zoey,5.5,Labradoodle
Cat,Eddy Jefferson,Eddy,4,Cat
Dog,Joel Carlos,Joel,3,Beagador
Dog,Lola,Lola,1,English Cocker Spaniel
Cat,Margot Mae,Margot,4,Domestic shorthair
Dog,Rufus,Rufus,15,Cairn Terrier
Dog,Sadie,Bubba,12,Golden Retriever
Cat,Chester,Kiddo,1,Unknown
Dog,Zoey Deschanel,Zo,12,Bichon Frise
Dog,Cooper,Coop,6,Golden Retriever
Dog,Captain Goose,Goose,1,who knows? (foster)
Dog,Mr Doctor Professor Constable Detective Brick,Brick,8,British Bulldog
Dog,Ellie Sattler,El,1,pit bull
Cat,Lily,little shit,4,Unknown
Dog,Juke,Juke,4,Dachshund
Dog,Blue,Blue,0.5000004,Chocolate lab
Dog,Kiefer Bartholomew,Kief,9,Belgian Shepard
Dog,Jackson,Jax,5,Labradoodle
Cat,Marzipan,Pan,2,Unknown
Dog,Zeta bear,Bear,6,German Shepherd
Cat,Sunny,Sun Bun or just Bun,0.1666668,Unknown
Hedgehog,Professor Minerva McGonaquill,Minnie,2.5,African Pygmy
Dog,Minnie,MinniePin,2,Mongrel
Fish,Fsh,Fsh,10,Mexican Blind Cave Tetra
Dog,Dixie,Dixie,15,Shepherd mix
Dog,Rosa Barks,Rosie,11,Shih Tzu
Dog,Charlie,Charlie,0.191781,Cavapoo
Dog,Jack Dog,Jack,16,Mongrel
Cat,Minerva,Minny,6,Unknown
Dog,Timon,Timon,3,Mongrel
Dog,Leila Fowler-Martinez,Leila or Pinche Leila,7,Unknown
Dog,Tubu,Tubu,11,Chihuahua
Cat,Venus,Kitty,11,Short haired calico
Dog,Goodness Gracious,Gracy,12,Shih Tzu
Dog,Monkey,Monkey,11,Australian Shepard/Rottweiler
Cat,Jynx,Jynx,4,Domestic medium hair
Dog,Rosie,Rosie Posie,Dead,Golden Retriever
Cat,Wendy,Wendy,3,Domestic shorthair
Hamster,katya,chicken (idk why),2,Russian Dwarf
Dog,Scirocco Augustus,Rocco or Crocco,5,Treeing walker coonhound/ Chinese Sharpei
Dog,Heavy Duty Puppy,Duty,4,Sheltie (he was an ‚Äúanti‚Äù-runt of the litter)
Rabbit,Arthur,Arturo,5,English Lop
Cat,Jack,Kitty boy,6,Tabby Mix
Dog,Siena Rosa,Siena,12,Golden Retriever
"Dog, dog, dog , cat","Buttercup Maplesde, zuez Maplesden, Bella Maplesden, Hercules Maplesden","Butternut, zuzy , Bella, Hercules.",2.5 yrs 2.5 yrs 2 yrs 2 yrs,Unknown unknown Bali dog mix and tabby cat
Dog,Ghia Lynn,Ghia or Geeg,1,Border Collie/ Chinese sharpei
Dog,Delilah,Lilah,7,Beagle
Cat,Bailey's Irish Cream,Bailey,13,Siamese Mix
Dog,Treacle,Treacle,10,Border Collie cross (mongrel)
Dog,Sam,Sam,11,Labrador Retriever
Dog,Tyson,"Tysbert, T McT, Mucki, Muckelbert, Muckmuck, Maggey",14,Rottweiler-German Shepherd-Mix
Cat,Madison Square Garden,Square,2,Unknown
Cat,Garfield,Cooter üò≥,8,Domestic shorthair
Dog,Parker,Parker,11,Goldendoodle
Dog,Captain Avro Clarence,Avro,6,Schnauzer
Dog,Caroline,Weentz,4,Mongrel
Dog,Linda,Linda,10,West Highland White Terrier
Cat,Stellabella,Stella,7,Tortie
Dog,Toby Wooferton,Toby,18,Mongrel
Dog,Sacha,Fjollehoved (Danish for goofball),13,Golden Lab
Cat,Ponce de Leon,Ponce,7,Domestic shorthair
Dog,Snickers,Snicks,14,Labradoodle
Cat,Echo,Echo,12,Unknown
Cat,Tiga,Tiga,7,Domestic shorthair
Dog,Sherlock Bones,Sherlock,4,Pit bull mix
Dog,Irene Adler,Addie,8,Bulldog
Cat,Bloo,Bloo,11,Unknown
Dog,Wallace,Wally,2,Labradoodle
Dog,Dude,Handsome,2.5,Labrador Retriever
Cat,Mitten,Tuna,13,Unknown
Dog,Bailey,Bailey,9,Golden Retriever
Dog,Willow,Sweetie,6,Labrador Retriever
Dog,Philistine Smoosh,Bill,14,Jack Russell Terrier
Cat,Kitty Cat,KC,13,Unknown
Cat,Elvis,Tubby,12,Siamese
Dog,Henry Nacho,Henny,8,Golden Retriever
Dog,Maximilian Kolby,Maxy,16,Golden Retriever
Dog,Argos,Argos,6,Mongrel
Ferret,Buttercup,Butter,Unsure,Unknown
Elephant ,Jumbo,Jumbo,19,Loxodon
Dog,Madeline Grace,Ma ma,15,Golden Retriever
Dog,Elvis,Elvis,11,Cockapoo
Dog,Coconut Butter,Coco,5,Mongrel
Dog,Lucy-fur,Lucy,12,Golden Retriever
Dog,Sophie Grace,Soph,13,Brindle Black
Dog,Prince,Prince,14,"Poodle, Shih Tzu and a misc terrier/sporting breed mix"
Dog,Jackson Buttsickle,Jacks,4,Mongrel
Dog,Lassie,Lass Lass,14,Moth Eaten Carpet
Dog,Charles Xavier II,Charlie,4,Great Pyrenees
Cat,GingerSnapz C. Cat,GingerSnapz,7,Domestic shorthair
Dog,Caroline,Caroline,5,Purebred Alabama Mutt
Cat,Shadow,Shadow,11,Unknown
Cat,Murray 2,Murray,7,Unknown
Dog,Beau,"Goomby, Mr. Beauregard",4,Golden Retriever
Dog,Lindon,Lindy loo,10,Pit bull/lab mix
Cat,Marilyn,"Chirp, Pumpkin Pie, Meow Meow",5,Orange
Dog,Tedward,Teddy,4,Shi Tzu mix
Dog,Zuzu,Zu,4,Shih Tzu x Bichon
Dog,Marcus Brutus,Brutus,4,Boxer
Cat,Charlie Chaplin,Charlie,1,Unknown
Cat,Molly Tigerlily,Molly,1,Unknown
Cat,Britannia,Brit,10,Unknown
Dog,Brownie Leigh,Brownie,3,Golden Shepherd
Dog,Jersey Girl,Jersey,11,Husky/malamute/sneaky neighbor's dog mix
Dog,Stella,Stells,10,Goldendoodle
Dog,Lizzie,Lizzie Pie,6,Husky/sneaky neighbor's dog mix
Cat,Marby,Beanie baby,14,American shorthair
Dog,Roxy,Roxy Socks,1,Mongrel
Dog,Coco Murfree,Coco,9,Border Collie
Dog,Ozzy,Ozlet,1,Mini Australian Shepard
Dog,Winston Pigaloo,Winston or Lewis,6,Pug
Dog,Noodle,Noodle / Weenie,13,Weiner Dog
Dog,Phantom,Phantom,5,Staffordshire pit bull
Dog,Ellen Park,Ellen,3,Golden Retriever
Cat,Meredith,Mer,1,Domestic shorthair
Cat,Brennan Zachary,Punkin butt,8,Domestic shorthair
Other,Fishy,Fishy,18,Unknown
Dog,Spud,Schmoops,1.5,Pembroke Welsh Corgi
Dog,FN 2187,Finn,1.5,Goldendoodle
Cat,Frank En Stein,Franc,8,Maine Coon
Dog,Pisco,Pisco,5,German Wirehaired Pointer
Dog,Sadie,Sadie,3,German Shepherd
Dog,Lola,Loli Ravioli,0.7500006,Golden Retriever
Dog,Addie Heart,Addie,8,Lab/Chow chow mix
Dog,Ernie,"Ernburn, Erndog, Ernieworm",1,Unknown
Chinchilla,Milo Chicken Nugget,Milo,0.2500002,Unknown
Cat,Melon,Mel,3,Black
Dog,Semaj,"Sammich, Dumbledork",4,Shih Tzu
Dog,Maya,"Little Miss Maya, Diva",8,Shih Tzu
Dog,Bijou,Bijou,12,Jack russel terrier x toy poodle
Dog,Pesto,Pesto,0.7500006,Beagle
Dog,Maggie,Magz,Unknown,Eskimo mix
Cat,Doctor snuggles von fluffybottom,Doc,6,Unknown
Dog,Toby,Toby,1,Golden Retriever
Dog,Jacob Marley,Jake,6,Golden Retriever
Cat,Dixie,potato,11,fluffy
Dog,Cujo,Bubby,11,Cocker Spaniel
Cat,Finn,Finnard,9,Domestic Longhair
Dog,Maizie,Maizie,0.3333336,Mini schnauzer
Dog,Bruce D4,Bruce,12,Dachshund
Dog,Jackie Kate,Jackie,5,Lab/beagle mix
Dog,Daisy Bear,Daisy or Bear,2.5,German Shepherd
Gecko,Donut,Donut,5,Crested Gecko
Fish,Whiskers Goldie-the-Goldfish Sweetie,Whiskies,2,Betta fish
Dog,Tinker Stinker,Stinks,2.5,German Shepherd
Cat,Vinnie,Huggiebear Biden,4,Unknown
Cat,Watson & Crick (I have two cats),Dr. Watson & Dr. Crick,8.5,American shorthair
Dog,Mile High Ice Storm,Miles,7,Golden Retriever
Dog,Breezy Bear,Breezy,1,Golden Retriever
Dog,Nara,Gorda,3,Australian Cattle Dog
Dog,"Wyatt Daniel, the Wild Corgo",Wyatt,2,Pembroke Welsh Corgi
,,Petra,,Golden Retriever
Fish,Waffle,Waffle,2,Betta fish
Dog,Rosie,Rosie,10,Walker Hound
Dog,Lilly,Lilly,10,German Shepherd/Husky/Beagle/Chow Chow
Dog,Charles,Charles,12,Miniature Schnauzer/Poodle
Dog,Pippa,Pip,1.1,Goldendoodle
Dog,Oliver,Ollie,7,Jack Russell Terrier
Dog,Kiku,Kiku,3,Mongrel
Dog,Brandy,Brenda,10,Havanese
Dog,Bobby,bobkin,8,Shih Tzu
Dog,Emma,Emma,12,Shih-Tzu Poodle Mix
Dog,Bessy,Bess,10,Labrador Retriever
Cat,Romanovski,Romi,5,Domestic shorthair
Cat,Fifi La Pou,Fifi,2,Domestic Longhair
Cat,Georgie Porgie,Georgie / Saucy,1,Domestic shorthair
Dog,Dakota,"Woobis, Woobie",13,Mongrel
Dog,Altrichter,Cooper,9,Golden Retriever
Dog,Tucker,Tuck,7,Golden Retriever
Cat,Milo,Milo,13,Tabby
Fish,Pepperwood,Pepperwood,1,Betta fish
Cat,Jameson Chewbacca,Jamie,15,American shorthair
Dog,Penny Bellew,Penny,6,Labrador Retriever
Cat,Buddy,Buddy,2,Unknown
Cat,Cat Jenkins,Cat,2,Unknown
Cat,Crouton,Crouton,3,Unknown
Dog,Morena,Morena,2,Corgi
Cat,Samus Aran,Samus,14,Tabby
Dog,Brownie,Bub,13,Maltipoo
Dog,Mose Schrute,Mose,2,German Shepherd
Dog,Rocky,Rocky,6,Corgidor
Cat,Rosalind Franklin,Rosie,1,Unknown
Cat,Harley quinn,Baby Kitty,5,Unknown
Fish,Sushi,Sushi,2,Betta fish
Cat,Mister Beans,Mister beans/ beans/ beansy boi,10,Grey domestic short hair
Fish,Lord Baphomet: Destroyer of Worlds,Baphomet,We rescued from a fountain. Unknown. ,Unknown
Dog,Tyler John (had to give him a middle name for when he was in trouble),Ty,12,Rhodesian Ridgeback
Cat,Adanac,Chunky,2,American shorthair
Cat,Callister,Callibean,2,American shorthair
Dog,Tux,Tux,9,Black lab mix
Dog,Ruby,Ruby,3,coonhound/beagle
Dog,Pooch-K,Pooch-k the pooch,7,Mongrel
Dog,Scooby,Scoobers,0.5833338,Mongrel
Cat,Dwayne,"Mr. Baby Dwayne, Dwaniel, Bub.",3,American shorthair
Cat,Alice,"Spippy, Speeps, Kitten.",11,American shorthair
Dog,Lloyd,Lloyd,11,Golden Retriever
Cat,Bo Schembeckler,Kitty,15,Shorthair cat
Dog,Ishka,Ish/Ishka,8,Golden Retriever
Dog,Millie,Millie,1.5,Border Collie
Dog,Rossa,"Ross, Rossy, Rossapoo",5,Golden Retriever
Dog,Wookie,Wookie,7,Goldendoodle
Dog,Tucker,Tucker,2,Labrador Retriever
Dog,Keifer,Keifer,14,Yellow lab
Dog,Frankie,Frankie,7,Husky mix
Cat,Tenzing,Tenzing,12,Shorthair calico
Dog,Sammy,Sam,5,JRT/miniature pincher
Dog,Barrett,Barrett,3,German Shepherd
Dog,Benjamin,Benj,2,Border Collie/Belgian Malinois
Dog,Laney,Laney,12,Golden Retriever
Dog,Dixie,Lady,3,American Pitbull
Dog,Diesel,Diesel,3,Pit bull mix
Hamster,Hamtaro,Hamtaro,ü§∑üèº‚Äç‚ôÄÔ∏è,Unknown
Dog,Baxter,Baxter,7.5,Golden Retriever
Dog,Riley Marie,Riley,13,Cocker Spaniel
Dog,Reginald Fonzerelli Hawkes,Reg,12,Goldendoodle
Cat,Molly,Molly,6,Unknown
Cat,Kevin,Booboo,3,Unknown
Dog,Erik,Earwig,4,Wirehaired dachshund
Dog,Oliver,Oli,8,Jack Russell
Spiney leaf insect,Thing one,Her,1,Unknown
Dog,Bilbo Spud Doggins,Bilbo,5,Corgi/Cocker Spaniel mix
Dog,Bailey Woofer,Bailey,13,Cocker Spaniel
Cat,Roy lee laramie,Roy,10,Unknown
Cat,Petunia,Tuney,8,Unknown
Dog,Skyy like the vodka,Skyy,3,Husky
Other,Stubbs,Stubs,15,Leopard gecko
Dog,Malibu like the rum,Malibu,1,Golden Retriever
Dog,Golden Tate,Tate,2,Golden Retriever
Dog,Bear,Bear,0.5833338,Labrador Retriever
Dog,Stanley,Stan,0.5000004,Miniature schnauzer
Cat,Coco,Coco,4,Shorthair cat
Dog,Andromeda Mae,Andie,6,Goldendoodle
Dog,Eloise Gertrude,Ellie,2,Labradoodle
Dog,Lady Bonnie of Coventry,Bonnie,8,Black lab mix
Cat,Ophelia Marie KitKat Mcdougle O‚ÄôMalley Jr.,Ophelia,9,Unknown
Cat,Sie Isaac Newton,Newton,16,Unknown
Cat,Black Cat,BC,3,Unknown
Dog,Gibson,Gibby,2.5,Pit bull mix
Dog,Brewskie,Brew,11,Puggle
Cat,Wolfgang Motzart,Wolfie,7,American shorthair
Dog,Koli,Koli,11,Yorker Terrier/Silky Terrier Mix
Dog,Moxie Jean Narice,Moxie,1,German Shepherd mix
Dog,Dancer Pants,Dancer,17,Havanese
Cat,Kitty or The Cat (if she's being bad),Kitty,1,Unknown
Fish,Blueberry,Blue,0.5000004,Betta fish
